{"v":"4.8.0","meta":{"g":"LottieFiles AE 1.0.0","a":"","k":"","d":"","tc":"#FFFFFF"},"fr":30,"ip":0,"op":150,"w":1200,"h":1200,"nm":"6 - Content moderation","ddd":0,"assets":[{"id":"comp_0","layers":[{"ddd":0,"ind":1,"ty":4,"nm":"Color Control","sr":1,"ks":{"o":{"a":0,"k":100,"ix":11},"r":{"a":0,"k":0,"ix":10},"p":{"a":0,"k":[600,600,0],"ix":2},"a":{"a":0,"k":[0,0,0],"ix":1},"s":{"a":0,"k":[100,100,100],"ix":6}},"ao":0,"ef":[{"ty":5,"nm":"Color1","np":3,"mn":"ADBE Color Control","ix":1,"en":1,"ef":[{"ty":2,"nm":"Color","mn":"ADBE Color Control-0001","ix":1,"v":{"a":0,"k":[1,0.505882382393,0.172549024224,1],"ix":1}}]},{"ty":5,"nm":"Color2","np":3,"mn":"ADBE Color Control","ix":2,"en":1,"ef":[{"ty":2,"nm":"Color","mn":"ADBE Color Control-0001","ix":1,"v":{"a":0,"k":[1,1,1,1],"ix":1}}]},{"ty":5,"nm":"Color3","np":3,"mn":"ADBE Color Control","ix":3,"en":1,"ef":[{"ty":2,"nm":"Color","mn":"ADBE Color Control-0001","ix":1,"v":{"a":0,"k":[0.109803929925,0.011764707044,0.066666670144,1],"ix":1}}]},{"ty":5,"nm":"Color4","np":3,"mn":"ADBE Color Control","ix":4,"en":1,"ef":[{"ty":2,"nm":"Color","mn":"ADBE Color Control-0001","ix":1,"v":{"a":0,"k":[0,0,0,1],"ix":1}}]},{"ty":5,"nm":"Color5","np":3,"mn":"ADBE Color Control","ix":5,"en":1,"ef":[{"ty":2,"nm":"Color","mn":"ADBE Color Control-0001","ix":1,"v":{"a":0,"k":[0.101960793138,0.101960793138,0.101960793138,1],"ix":1}}]}],"shapes":[],"ip":0,"op":150,"st":0,"bm":0},{"ddd":0,"ind":2,"ty":4,"nm":"Arm","parent":3,"sr":1,"ks":{"o":{"a":0,"k":100,"ix":11},"r":{"a":1,"k":[{"i":{"x":[0.667],"y":[1]},"o":{"x":[0.333],"y":[0]},"t":0,"s":[-12]},{"i":{"x":[0.833],"y":[1]},"o":{"x":[0.333],"y":[0]},"t":30,"s":[0]},{"i":{"x":[0.667],"y":[1]},"o":{"x":[0.167],"y":[0]},"t":60,"s":[11]},{"i":{"x":[0.667],"y":[1]},"o":{"x":[0.333],"y":[0]},"t":90,"s":[-8]},{"i":{"x":[0.667],"y":[1]},"o":{"x":[0.333],"y":[0]},"t":120,"s":[0]},{"t":149,"s":[-12]}],"ix":10},"p":{"a":0,"k":[1207.05,257.926,0],"ix":2},"a":{"a":0,"k":[1207.05,257.926,0],"ix":1},"s":{"a":0,"k":[100,100,100],"ix":6}},"ao":0,"shapes":[{"ty":"gr","it":[{"ind":0,"ty":"sh","ix":1,"ks":{"a":1,"k":[{"i":{"x":0.667,"y":1},"o":{"x":0.333,"y":0},"t":0,"s":[{"i":[[0,0],[7.187,-10.56],[0,0],[-9.087,-1.081],[-12.929,35.237],[0,0]],"o":[[0,0],[-6.603,9.702],[0,0],[39.842,4.74],[16.475,-44.902],[0,0]],"v":[[5.559,-19.259],[-9.72,23.551],[-59.953,77.391],[-51.783,99.938],[38.447,24.575],[28.033,-74.855]],"c":false}]},{"i":{"x":0.667,"y":1},"o":{"x":0.333,"y":0},"t":30,"s":[{"i":[[0,0],[7.871,-2.565],[0,0],[-7.42,-5.356],[-12.929,35.237],[0,0]],"o":[[0,0],[-11.158,3.638],[0,0],[31.55,22.771],[16.475,-44.902],[0,0]],"v":[[5.559,-19.259],[14.539,23.009],[-66.892,27.87],[-70.792,49.85],[61.738,39.618],[28.033,-74.855]],"c":false}]},{"i":{"x":0.667,"y":1},"o":{"x":0.333,"y":0},"t":60,"s":[{"i":[[0,0],[7.871,-2.565],[0,0],[-7.42,-5.356],[-12.929,35.237],[0,0]],"o":[[0,0],[-11.158,3.638],[0,0],[31.55,22.771],[16.475,-44.902],[0,0]],"v":[[5.559,-19.259],[14.539,23.009],[-66.892,27.87],[-70.792,49.85],[61.738,39.618],[28.033,-74.855]],"c":false}]},{"i":{"x":0.667,"y":1},"o":{"x":0.333,"y":0},"t":90,"s":[{"i":[[0,0],[7.871,-2.565],[0,0],[-7.42,-5.356],[-12.929,35.237],[0,0]],"o":[[0,0],[-11.158,3.638],[0,0],[31.55,22.771],[16.475,-44.902],[0,0]],"v":[[5.559,-19.259],[14.539,23.009],[-66.892,27.87],[-70.792,49.85],[61.738,39.618],[28.033,-74.855]],"c":false}]},{"i":{"x":0.667,"y":1},"o":{"x":0.333,"y":0},"t":120,"s":[{"i":[[0,0],[7.871,-2.565],[0,0],[-7.42,-5.356],[-12.929,35.237],[0,0]],"o":[[0,0],[-11.158,3.638],[0,0],[31.55,22.771],[16.475,-44.902],[0,0]],"v":[[5.559,-19.259],[14.539,23.009],[-66.892,27.87],[-70.792,49.85],[61.738,39.618],[28.033,-74.855]],"c":false}]},{"t":149,"s":[{"i":[[0,0],[7.187,-10.56],[0,0],[-9.087,-1.081],[-12.929,35.237],[0,0]],"o":[[0,0],[-6.603,9.702],[0,0],[39.842,4.74],[16.475,-44.902],[0,0]],"v":[[5.559,-19.259],[-9.72,23.551],[-59.953,77.391],[-51.783,99.938],[38.447,24.575],[28.033,-74.855]],"c":false}]}],"ix":2},"nm":"Path 1","mn":"ADBE Vector Shape - Group","hd":false},{"ty":"st","c":{"a":0,"k":[0.102000000898,0.102000000898,0.102000000898,1],"ix":3,"x":"var $bm_rt;\n$bm_rt = thisComp.layer('Color Control').effect('Color5')('Color');"},"o":{"a":0,"k":100,"ix":4},"w":{"a":0,"k":2,"ix":5},"lc":2,"lj":2,"bm":0,"nm":"Stroke 1","mn":"ADBE Vector Graphic - Stroke","hd":false},{"ty":"fl","c":{"a":0,"k":[1,1,1,1],"ix":4,"x":"var $bm_rt;\n$bm_rt = thisComp.layer('Color Control').effect('Color2')('Color');"},"o":{"a":0,"k":100,"ix":5},"r":1,"bm":0,"nm":"Fill 1","mn":"ADBE Vector Graphic - Fill","hd":false},{"ty":"tr","p":{"a":0,"k":[1180.491,334.032],"ix":2},"a":{"a":0,"k":[0,0],"ix":1},"s":{"a":0,"k":[100,100],"ix":3},"r":{"a":0,"k":0,"ix":6},"o":{"a":0,"k":100,"ix":7},"sk":{"a":0,"k":0,"ix":4},"sa":{"a":0,"k":0,"ix":5},"nm":"Transform"}],"nm":"Group 1","np":3,"cix":2,"bm":0,"ix":1,"mn":"ADBE Vector Group","hd":false},{"ty":"gr","it":[{"ind":0,"ty":"sh","ix":1,"ks":{"a":0,"k":{"i":[[0,0],[6.052,1.513],[-3.782,-2.118],[0,-2.27],[0,0],[-6.81,-3.934],[-11.046,3.934],[0,0]],"o":[[0,0],[-6.053,-1.513],[3.783,2.118],[0,2.27],[0,0],[6.809,3.934],[11.046,-3.934],[0,0]],"v":[[25.043,-9.76],[-15.358,-13.089],[-20.05,-8.247],[-5.069,-2.799],[-28.339,-4.401],[-22.773,7.792],[1.74,10.667],[29.583,8.247]],"c":false},"ix":2},"nm":"Path 1","mn":"ADBE Vector Shape - Group","hd":false},{"ty":"st","c":{"a":0,"k":[0.102000000898,0.102000000898,0.102000000898,1],"ix":3,"x":"var $bm_rt;\n$bm_rt = thisComp.layer('Color Control').effect('Color5')('Color');"},"o":{"a":0,"k":100,"ix":4},"w":{"a":0,"k":2,"ix":5},"lc":2,"lj":2,"bm":0,"nm":"Stroke 1","mn":"ADBE Vector Graphic - Stroke","hd":false},{"ty":"fl","c":{"a":0,"k":[1,1,1,1],"ix":4,"x":"var $bm_rt;\n$bm_rt = thisComp.layer('Color Control').effect('Color2')('Color');"},"o":{"a":0,"k":100,"ix":5},"r":1,"bm":0,"nm":"Fill 1","mn":"ADBE Vector Graphic - Fill","hd":false},{"ty":"tr","p":{"a":1,"k":[{"i":{"x":0.667,"y":1},"o":{"x":0.333,"y":0},"t":0,"s":[1136.327,424.63],"to":[-2.951,-8.067],"ti":[2.951,8.067]},{"i":{"x":0.667,"y":0.667},"o":{"x":0.333,"y":0.333},"t":30,"s":[1118.62,376.228],"to":[0,0],"ti":[0,0]},{"i":{"x":0.667,"y":0.667},"o":{"x":0.333,"y":0.333},"t":60,"s":[1118.62,376.228],"to":[0,0],"ti":[0,0]},{"i":{"x":0.667,"y":0.667},"o":{"x":0.333,"y":0.333},"t":90,"s":[1118.62,376.228],"to":[0,0],"ti":[0,0]},{"i":{"x":0.667,"y":1},"o":{"x":0.333,"y":0},"t":120,"s":[1118.62,376.228],"to":[2.951,8.067],"ti":[-2.951,-8.067]},{"t":149,"s":[1136.327,424.63]}],"ix":2},"a":{"a":0,"k":[29.5,1.5],"ix":1},"s":{"a":0,"k":[100,100],"ix":3},"r":{"a":1,"k":[{"i":{"x":[0.667],"y":[1]},"o":{"x":[0.333],"y":[0]},"t":0,"s":[-13]},{"i":{"x":[0.667],"y":[1]},"o":{"x":[0.333],"y":[0]},"t":30,"s":[0]},{"i":{"x":[0.667],"y":[1]},"o":{"x":[0.333],"y":[0]},"t":60,"s":[0]},{"i":{"x":[0.667],"y":[1]},"o":{"x":[0.333],"y":[0]},"t":90,"s":[0]},{"i":{"x":[0.667],"y":[1]},"o":{"x":[0.333],"y":[0]},"t":120,"s":[0]},{"t":149,"s":[-13]}],"ix":6},"o":{"a":0,"k":100,"ix":7},"sk":{"a":0,"k":0,"ix":4},"sa":{"a":0,"k":0,"ix":5},"nm":"Transform"}],"nm":"Group 4","np":3,"cix":2,"bm":0,"ix":2,"mn":"ADBE Vector Group","hd":false},{"ty":"gr","it":[{"ty":"gr","it":[{"ind":0,"ty":"sh","ix":1,"ks":{"a":0,"k":{"i":[[0,0],[0,0],[0,0],[0,0]],"o":[[0,0],[0,0],[0,0],[0,0]],"v":[[-1.485,22.417],[31.735,-20.526],[27.413,-22.417],[-5.886,16.682]],"c":true},"ix":2},"nm":"Path 1","mn":"ADBE Vector Shape - Group","hd":false},{"ty":"st","c":{"a":0,"k":[0.102000000898,0.102000000898,0.102000000898,1],"ix":3,"x":"var $bm_rt;\n$bm_rt = thisComp.layer('Color Control').effect('Color5')('Color');"},"o":{"a":0,"k":100,"ix":4},"w":{"a":0,"k":1,"ix":5},"lc":2,"lj":2,"bm":0,"nm":"Stroke 1","mn":"ADBE Vector Graphic - Stroke","hd":false},{"ty":"fl","c":{"a":0,"k":[0.109999997008,0.011999999776,0.067000003889,1],"ix":4,"x":"var $bm_rt;\n$bm_rt = thisComp.layer('Color Control').effect('Color3')('Color');"},"o":{"a":0,"k":100,"ix":5},"r":1,"bm":0,"nm":"Fill 1","mn":"ADBE Vector Graphic - Fill","hd":false},{"ty":"tr","p":{"a":0,"k":[1033.856,337.46],"ix":2},"a":{"a":0,"k":[0,0],"ix":1},"s":{"a":0,"k":[100,100],"ix":3},"r":{"a":0,"k":0,"ix":6},"o":{"a":0,"k":100,"ix":7},"sk":{"a":0,"k":0,"ix":4},"sa":{"a":0,"k":0,"ix":5},"nm":"Transform"}],"nm":"Group 4","np":3,"cix":2,"bm":0,"ix":1,"mn":"ADBE Vector Group","hd":false},{"ty":"gr","it":[{"ind":0,"ty":"sh","ix":1,"ks":{"a":0,"k":{"i":[[0,0],[0,0],[0,0],[0,0]],"o":[[0,0],[0,0],[0,0],[0,0]],"v":[[-31.735,-17.286],[-1.485,22.417],[2.292,17.59],[-27.82,-20.256]],"c":true},"ix":2},"nm":"Path 1","mn":"ADBE Vector Shape - Group","hd":false},{"ty":"st","c":{"a":0,"k":[0.102000000898,0.102000000898,0.102000000898,1],"ix":3,"x":"var $bm_rt;\n$bm_rt = thisComp.layer('Color Control').effect('Color5')('Color');"},"o":{"a":0,"k":100,"ix":4},"w":{"a":0,"k":1,"ix":5},"lc":2,"lj":2,"bm":0,"nm":"Stroke 1","mn":"ADBE Vector Graphic - Stroke","hd":false},{"ty":"fl","c":{"a":0,"k":[0.109999997008,0.011999999776,0.067000003889,1],"ix":4,"x":"var $bm_rt;\n$bm_rt = thisComp.layer('Color Control').effect('Color3')('Color');"},"o":{"a":0,"k":100,"ix":5},"r":1,"bm":0,"nm":"Fill 1","mn":"ADBE Vector Graphic - Fill","hd":false},{"ty":"tr","p":{"a":0,"k":[1035.984,355.101],"ix":2},"a":{"a":0,"k":[2.129,17.641],"ix":1},"s":{"a":0,"k":[100,100],"ix":3},"r":{"a":1,"k":[{"i":{"x":[0.667],"y":[1]},"o":{"x":[0.333],"y":[0]},"t":0,"s":[76]},{"i":{"x":[0.833],"y":[1]},"o":{"x":[0.333],"y":[0]},"t":30,"s":[76]},{"i":{"x":[0.833],"y":[1]},"o":{"x":[0.167],"y":[0]},"t":60,"s":[0]},{"i":{"x":[0.833],"y":[1]},"o":{"x":[0.167],"y":[0]},"t":90,"s":[0]},{"i":{"x":[0.667],"y":[1]},"o":{"x":[0.167],"y":[0]},"t":120,"s":[0]},{"t":149,"s":[76]}],"ix":6},"o":{"a":0,"k":100,"ix":7},"sk":{"a":0,"k":0,"ix":4},"sa":{"a":0,"k":0,"ix":5},"nm":"Transform"}],"nm":"Group 2","np":3,"cix":2,"bm":0,"ix":2,"mn":"ADBE Vector Group","hd":false},{"ty":"gr","it":[{"ind":0,"ty":"sh","ix":1,"ks":{"a":0,"k":{"i":[[0,0],[0,0],[0,0],[0,0]],"o":[[0,0],[0,0],[0,0],[0,0]],"v":[[-23.902,-34.435],[-57.124,8.507],[13.37,34.435],[57.124,0]],"c":true},"ix":2},"nm":"Path 1","mn":"ADBE Vector Shape - Group","hd":false},{"ty":"st","c":{"a":0,"k":[0.102000000898,0.102000000898,0.102000000898,1],"ix":3,"x":"var $bm_rt;\n$bm_rt = thisComp.layer('Color Control').effect('Color5')('Color');"},"o":{"a":0,"k":100,"ix":4},"w":{"a":0,"k":2,"ix":5},"lc":2,"lj":2,"bm":0,"nm":"Stroke 1","mn":"ADBE Vector Graphic - Stroke","hd":false},{"ty":"fl","c":{"a":0,"k":[1,1,1,1],"ix":4,"x":"var $bm_rt;\n$bm_rt = thisComp.layer('Color Control').effect('Color2')('Color');"},"o":{"a":0,"k":100,"ix":5},"r":1,"bm":0,"nm":"Fill 1","mn":"ADBE Vector Graphic - Fill","hd":false},{"ty":"tr","p":{"a":0,"k":[1089.493,351.369],"ix":2},"a":{"a":0,"k":[0,0],"ix":1},"s":{"a":0,"k":[100,100],"ix":3},"r":{"a":0,"k":0,"ix":6},"o":{"a":0,"k":100,"ix":7},"sk":{"a":0,"k":0,"ix":4},"sa":{"a":0,"k":0,"ix":5},"nm":"Transform"}],"nm":"Group 3","np":3,"cix":2,"bm":0,"ix":3,"mn":"ADBE Vector Group","hd":false},{"ty":"tr","p":{"a":1,"k":[{"i":{"x":0.667,"y":1},"o":{"x":0.333,"y":0},"t":0,"s":[1073.831,424.658],"to":[0.247,-12.23],"ti":[-0.247,12.23]},{"i":{"x":0.667,"y":0.667},"o":{"x":0.333,"y":0.333},"t":30,"s":[1075.316,351.277],"to":[0,0],"ti":[0,0]},{"i":{"x":0.667,"y":1},"o":{"x":0.333,"y":0},"t":120,"s":[1075.316,351.277],"to":[-0.247,12.23],"ti":[0.247,-12.23]},{"t":149,"s":[1073.831,424.658]}],"ix":2},"a":{"a":0,"k":[1074.368,350.424],"ix":1},"s":{"a":0,"k":[100,100],"ix":3},"r":{"a":1,"k":[{"i":{"x":[0.667],"y":[1]},"o":{"x":[0.333],"y":[0]},"t":30,"s":[0]},{"i":{"x":[0.667],"y":[1]},"o":{"x":[0.333],"y":[0]},"t":60,"s":[0]},{"i":{"x":[0.667],"y":[1]},"o":{"x":[0.333],"y":[0]},"t":90,"s":[0]},{"t":120,"s":[0]}],"ix":6},"o":{"a":0,"k":100,"ix":7},"sk":{"a":0,"k":0,"ix":4},"sa":{"a":0,"k":0,"ix":5},"nm":"Transform"}],"nm":"Group 5","np":3,"cix":2,"bm":0,"ix":3,"mn":"ADBE Vector Group","hd":false}],"ip":0,"op":150,"st":0,"bm":0},{"ddd":0,"ind":3,"ty":4,"nm":"Body","sr":1,"ks":{"o":{"a":0,"k":100,"ix":11},"r":{"a":1,"k":[{"i":{"x":[0.667],"y":[1]},"o":{"x":[0.333],"y":[0]},"t":0,"s":[-7]},{"i":{"x":[0.667],"y":[1]},"o":{"x":[0.333],"y":[0]},"t":30,"s":[0]},{"i":{"x":[0.667],"y":[1]},"o":{"x":[0.333],"y":[0]},"t":60,"s":[0]},{"i":{"x":[0.667],"y":[1]},"o":{"x":[0.333],"y":[0]},"t":90,"s":[-7]},{"i":{"x":[0.667],"y":[1]},"o":{"x":[0.333],"y":[0]},"t":120,"s":[0]},{"t":149,"s":[-7]}],"ix":10},"p":{"a":0,"k":[793.269,504.82,0],"ix":2},"a":{"a":0,"k":[1153.269,444.82,0],"ix":1},"s":{"a":0,"k":[100,100,100],"ix":6}},"ao":0,"shapes":[{"ty":"gr","it":[{"ind":0,"ty":"sh","ix":1,"ks":{"a":0,"k":{"i":[[0,0],[5.599,-15.585]],"o":[[0,0],[0,0]],"v":[[9.155,-15.964],[-9.155,15.964]],"c":false},"ix":2},"nm":"Path 1","mn":"ADBE Vector Shape - Group","hd":false},{"ty":"st","c":{"a":0,"k":[0.102000000898,0.102000000898,0.102000000898,1],"ix":3,"x":"var $bm_rt;\n$bm_rt = thisComp.layer('Color Control').effect('Color5')('Color');"},"o":{"a":0,"k":100,"ix":4},"w":{"a":0,"k":2,"ix":5},"lc":2,"lj":2,"bm":0,"nm":"Stroke 1","mn":"ADBE Vector Graphic - Stroke","hd":false},{"ty":"tr","p":{"a":0,"k":[1153.43,297.71],"ix":2},"a":{"a":0,"k":[0,0],"ix":1},"s":{"a":0,"k":[100,100],"ix":3},"r":{"a":0,"k":0,"ix":6},"o":{"a":0,"k":100,"ix":7},"sk":{"a":0,"k":0,"ix":4},"sa":{"a":0,"k":0,"ix":5},"nm":"Transform"}],"nm":"Group 1","np":2,"cix":2,"bm":0,"ix":1,"mn":"ADBE Vector Group","hd":false},{"ty":"gr","it":[{"ind":0,"ty":"sh","ix":1,"ks":{"a":1,"k":[{"i":{"x":0.667,"y":1},"o":{"x":0.333,"y":0},"t":0,"s":[{"i":[[0,0],[-35.323,-15.192],[0,0],[23.7,4.862],[0,0]],"o":[[-1.562,1.93],[56.516,24.307],[0,0],[-23.7,-4.861],[0,0]],"v":[[-18.927,-50.637],[-43.075,75.824],[55.326,76.151],[54.698,-95.27],[14.049,-99.794]],"c":false}]},{"i":{"x":0.667,"y":1},"o":{"x":0.333,"y":0},"t":30,"s":[{"i":[[0,0],[-35.323,-15.192],[0,0],[23.7,4.862],[0,0]],"o":[[-28.325,46.466],[56.516,24.307],[0,0],[-23.7,-4.861],[0,0]],"v":[[-18.927,-50.637],[-43.075,75.824],[55.326,76.151],[54.698,-95.27],[14.049,-99.794]],"c":false}]},{"i":{"x":0.667,"y":1},"o":{"x":0.333,"y":0},"t":60,"s":[{"i":[[0,0],[-35.323,-15.192],[0,0],[23.7,4.862],[0,0]],"o":[[-28.325,46.466],[56.516,24.307],[0,0],[-23.7,-4.861],[0,0]],"v":[[-18.927,-50.637],[-43.075,75.824],[55.326,76.151],[54.698,-95.27],[14.049,-99.794]],"c":false}]},{"i":{"x":0.667,"y":1},"o":{"x":0.333,"y":0},"t":90,"s":[{"i":[[0,0],[-35.323,-15.192],[0,0],[23.7,4.862],[0,0]],"o":[[-1.562,1.93],[56.516,24.307],[0,0],[-23.7,-4.861],[0,0]],"v":[[-18.927,-50.637],[-43.075,75.824],[55.326,76.151],[54.698,-95.27],[14.049,-99.794]],"c":false}]},{"i":{"x":0.667,"y":1},"o":{"x":0.333,"y":0},"t":120,"s":[{"i":[[0,0],[-35.323,-15.192],[0,0],[23.7,4.862],[0,0]],"o":[[-28.325,46.466],[56.516,24.307],[0,0],[-23.7,-4.861],[0,0]],"v":[[-18.927,-50.637],[-43.075,75.824],[55.326,76.151],[54.698,-95.27],[14.049,-99.794]],"c":false}]},{"t":149,"s":[{"i":[[0,0],[-35.323,-15.192],[0,0],[23.7,4.862],[0,0]],"o":[[-1.562,1.93],[56.516,24.307],[0,0],[-23.7,-4.861],[0,0]],"v":[[-18.927,-50.637],[-43.075,75.824],[55.326,76.151],[54.698,-95.27],[14.049,-99.794]],"c":false}]}],"ix":2},"nm":"Path 1","mn":"ADBE Vector Shape - Group","hd":false},{"ty":"st","c":{"a":0,"k":[0.102000000898,0.102000000898,0.102000000898,1],"ix":3,"x":"var $bm_rt;\n$bm_rt = thisComp.layer('Color Control').effect('Color5')('Color');"},"o":{"a":0,"k":100,"ix":4},"w":{"a":0,"k":2,"ix":5},"lc":2,"lj":2,"bm":0,"nm":"Stroke 1","mn":"ADBE Vector Graphic - Stroke","hd":false},{"ty":"fl","c":{"a":0,"k":[1,1,1,1],"ix":4,"x":"var $bm_rt;\n$bm_rt = thisComp.layer('Color Control').effect('Color2')('Color');"},"o":{"a":0,"k":100,"ix":5},"r":1,"bm":0,"nm":"Fill 1","mn":"ADBE Vector Graphic - Fill","hd":false},{"ty":"tr","p":{"a":0,"k":[1149.989,351.707],"ix":2},"a":{"a":0,"k":[0,0],"ix":1},"s":{"a":0,"k":[100,100],"ix":3},"r":{"a":0,"k":0,"ix":6},"o":{"a":0,"k":100,"ix":7},"sk":{"a":0,"k":0,"ix":4},"sa":{"a":0,"k":0,"ix":5},"nm":"Transform"}],"nm":"Group 2","np":3,"cix":2,"bm":0,"ix":2,"mn":"ADBE Vector Group","hd":false},{"ty":"gr","it":[{"ind":0,"ty":"sh","ix":1,"ks":{"a":0,"k":{"i":[[0,0],[12.566,-16.853],[0,0],[-1.468,1.746],[0,2.421]],"o":[[0,0],[-15.867,21.279],[0,0],[1.468,-1.745],[0,0]],"v":[[27.561,-47.833],[-19.61,-9.524],[-41.325,100.086],[-15.854,103.086],[45.325,-27.984]],"c":false},"ix":2},"nm":"Path 1","mn":"ADBE Vector Shape - Group","hd":false},{"ty":"st","c":{"a":0,"k":[0.102000000898,0.102000000898,0.102000000898,1],"ix":3,"x":"var $bm_rt;\n$bm_rt = thisComp.layer('Color Control').effect('Color5')('Color');"},"o":{"a":0,"k":100,"ix":4},"w":{"a":0,"k":2,"ix":5},"lc":2,"lj":2,"bm":0,"nm":"Stroke 1","mn":"ADBE Vector Graphic - Stroke","hd":false},{"ty":"fl","c":{"a":0,"k":[1,1,1,1],"ix":4,"x":"var $bm_rt;\n$bm_rt = thisComp.layer('Color Control').effect('Color2')('Color');"},"o":{"a":0,"k":100,"ix":5},"r":1,"bm":0,"nm":"Fill 1","mn":"ADBE Vector Graphic - Fill","hd":false},{"ty":"tr","p":{"a":0,"k":[1136.477,299.745],"ix":2},"a":{"a":0,"k":[0,0],"ix":1},"s":{"a":0,"k":[100,100],"ix":3},"r":{"a":0,"k":0,"ix":6},"o":{"a":0,"k":100,"ix":7},"sk":{"a":0,"k":0,"ix":4},"sa":{"a":0,"k":0,"ix":5},"nm":"Transform"}],"nm":"Group 3","np":3,"cix":2,"bm":0,"ix":3,"mn":"ADBE Vector Group","hd":false},{"ty":"gr","it":[{"ind":0,"ty":"sh","ix":1,"ks":{"a":0,"k":{"i":[[0,0],[-32.079,8.776],[0,0],[0,0],[0,0],[0,0]],"o":[[0,0],[21.79,-6.657],[0,0],[0,0],[0,0],[0,0]],"v":[[-53.834,-3.212],[28.45,7.986],[54.622,0.389],[46.3,-15.348],[-54.623,-16.762],[-54.623,-3.273]],"c":false},"ix":2},"nm":"Path 1","mn":"ADBE Vector Shape - Group","hd":false},{"ty":"st","c":{"a":0,"k":[0.102000000898,0.102000000898,0.102000000898,1],"ix":3,"x":"var $bm_rt;\n$bm_rt = thisComp.layer('Color Control').effect('Color5')('Color');"},"o":{"a":0,"k":100,"ix":4},"w":{"a":0,"k":1,"ix":5},"lc":2,"lj":2,"bm":0,"nm":"Stroke 1","mn":"ADBE Vector Graphic - Stroke","hd":false},{"ty":"fl","c":{"a":0,"k":[0.109999997008,0.011999999776,0.067000003889,1],"ix":4,"x":"var $bm_rt;\n$bm_rt = thisComp.layer('Color Control').effect('Color3')('Color');"},"o":{"a":0,"k":100,"ix":5},"r":1,"bm":0,"nm":"Fill 1","mn":"ADBE Vector Graphic - Fill","hd":false},{"ty":"tr","p":{"a":0,"k":[1154.411,434.605],"ix":2},"a":{"a":0,"k":[0,0],"ix":1},"s":{"a":0,"k":[100,100],"ix":3},"r":{"a":0,"k":0,"ix":6},"o":{"a":0,"k":100,"ix":7},"sk":{"a":0,"k":0,"ix":4},"sa":{"a":0,"k":0,"ix":5},"nm":"Transform"}],"nm":"Group 4","np":3,"cix":2,"bm":0,"ix":4,"mn":"ADBE Vector Group","hd":false},{"ty":"gr","it":[{"ind":0,"ty":"sh","ix":1,"ks":{"a":0,"k":{"i":[[0,0],[0,0]],"o":[[15.125,-35.65],[0,0]],"v":[[-46.518,17.825],[46.518,16.154]],"c":false},"ix":2},"nm":"Path 1","mn":"ADBE Vector Shape - Group","hd":false},{"ty":"st","c":{"a":0,"k":[0.102000000898,0.102000000898,0.102000000898,1],"ix":3,"x":"var $bm_rt;\n$bm_rt = thisComp.layer('Color Control').effect('Color5')('Color');"},"o":{"a":0,"k":100,"ix":4},"w":{"a":0,"k":2,"ix":5},"lc":2,"lj":2,"bm":0,"nm":"Stroke 1","mn":"ADBE Vector Graphic - Stroke","hd":false},{"ty":"fl","c":{"a":0,"k":[1,1,1,1],"ix":4,"x":"var $bm_rt;\n$bm_rt = thisComp.layer('Color Control').effect('Color2')('Color');"},"o":{"a":0,"k":100,"ix":5},"r":1,"bm":0,"nm":"Fill 1","mn":"ADBE Vector Graphic - Fill","hd":false},{"ty":"tr","p":{"a":0,"k":[1147.094,404.49],"ix":2},"a":{"a":0,"k":[0,0],"ix":1},"s":{"a":0,"k":[100,100],"ix":3},"r":{"a":0,"k":0,"ix":6},"o":{"a":0,"k":100,"ix":7},"sk":{"a":0,"k":0,"ix":4},"sa":{"a":0,"k":0,"ix":5},"nm":"Transform"}],"nm":"Group 5","np":3,"cix":2,"bm":0,"ix":5,"mn":"ADBE Vector Group","hd":false}],"ip":0,"op":150,"st":0,"bm":0},{"ddd":0,"ind":4,"ty":4,"nm":"Head","parent":3,"sr":1,"ks":{"o":{"a":0,"k":100,"ix":11},"r":{"a":1,"k":[{"i":{"x":[0.667],"y":[1]},"o":{"x":[0.333],"y":[0]},"t":0,"s":[0]},{"i":{"x":[0.833],"y":[1]},"o":{"x":[0.333],"y":[0]},"t":30,"s":[13]},{"i":{"x":[0.667],"y":[1]},"o":{"x":[0.167],"y":[0]},"t":54,"s":[4]},{"i":{"x":[0.833],"y":[1]},"o":{"x":[0.333],"y":[0]},"t":75,"s":[13]},{"i":{"x":[0.667],"y":[1]},"o":{"x":[0.167],"y":[0]},"t":96,"s":[4]},{"i":{"x":[0.667],"y":[1]},"o":{"x":[0.167],"y":[0]},"t":120,"s":[13]},{"t":149,"s":[0]}],"ix":10},"p":{"a":0,"k":[1158.281,267.734,0],"ix":2},"a":{"a":0,"k":[1158.281,267.734,0],"ix":1},"s":{"a":0,"k":[100,100,100],"ix":6}},"ao":0,"shapes":[{"ty":"gr","it":[{"ind":0,"ty":"sh","ix":1,"ks":{"a":0,"k":{"i":[[-12.634,-20.458],[-11.951,3.443],[0,-3.646],[-4.329,2.229],[2.026,-6.33],[-8.102,2.228],[1.214,12.357],[11.344,6.481],[13.609,0.07],[8.86,-9.317],[0.482,-10.167]],"o":[[0,0],[11.952,-3.443],[0,3.646],[4.33,-2.228],[-2.025,6.331],[5.47,7.089],[10.331,-2.633],[8.913,-8.508],[8.913,-17.015],[-5.215,-4.861],[-8.181,-1.987]],"v":[[-36.462,-2.33],[-23.423,1.924],[-11.066,7.799],[-2.432,14.482],[7.771,21.318],[17.698,32.714],[38.766,26.839],[36.942,3.545],[30.865,-13.471],[5.492,-30.485],[-19.496,-25.662]],"c":true},"ix":2},"nm":"Path 1","mn":"ADBE Vector Shape - Group","hd":false},{"ty":"st","c":{"a":0,"k":[0.102000000898,0.102000000898,0.102000000898,1],"ix":3,"x":"var $bm_rt;\n$bm_rt = thisComp.layer('Color Control').effect('Color5')('Color');"},"o":{"a":0,"k":100,"ix":4},"w":{"a":0,"k":1,"ix":5},"lc":2,"lj":2,"bm":0,"nm":"Stroke 1","mn":"ADBE Vector Graphic - Stroke","hd":false},{"ty":"fl","c":{"a":0,"k":[0.109999997008,0.011999999776,0.067000003889,1],"ix":4,"x":"var $bm_rt;\n$bm_rt = thisComp.layer('Color Control').effect('Color3')('Color');"},"o":{"a":0,"k":100,"ix":5},"r":1,"bm":0,"nm":"Fill 1","mn":"ADBE Vector Graphic - Fill","hd":false},{"ty":"tr","p":{"a":0,"k":[1155.456,196.715],"ix":2},"a":{"a":0,"k":[0,0],"ix":1},"s":{"a":0,"k":[100,100],"ix":3},"r":{"a":0,"k":0,"ix":6},"o":{"a":0,"k":100,"ix":7},"sk":{"a":0,"k":0,"ix":4},"sa":{"a":0,"k":0,"ix":5},"nm":"Transform"}],"nm":"Group 1","np":3,"cix":2,"bm":0,"ix":1,"mn":"ADBE Vector Group","hd":false},{"ty":"gr","it":[{"ind":0,"ty":"sh","ix":1,"ks":{"a":0,"k":{"i":[[6.752,11.613],[0,0],[7.022,12.154],[-18.433,13.369],[-9.723,-20.256],[-5.941,-13.504],[0,0]],"o":[[0,0],[0,0],[-7.022,-12.153],[16.014,-11.615],[9.723,20.256],[5.942,13.504],[0,0]],"v":[[10.568,44.09],[2.195,17.622],[-25.894,13.841],[-22.113,-42.065],[18.13,-35.448],[34.065,6.819],[40.547,36.529]],"c":true},"ix":2},"nm":"Path 1","mn":"ADBE Vector Shape - Group","hd":false},{"ty":"st","c":{"a":0,"k":[0.102000000898,0.102000000898,0.102000000898,1],"ix":3,"x":"var $bm_rt;\n$bm_rt = thisComp.layer('Color Control').effect('Color5')('Color');"},"o":{"a":0,"k":100,"ix":4},"w":{"a":0,"k":2,"ix":5},"lc":2,"lj":2,"bm":0,"nm":"Stroke 1","mn":"ADBE Vector Graphic - Stroke","hd":false},{"ty":"fl","c":{"a":0,"k":[1,1,1,1],"ix":4,"x":"var $bm_rt;\n$bm_rt = thisComp.layer('Color Control').effect('Color2')('Color');"},"o":{"a":0,"k":100,"ix":5},"r":1,"bm":0,"nm":"Fill 1","mn":"ADBE Vector Graphic - Fill","hd":false},{"ty":"tr","p":{"a":0,"k":[1155.226,219.908],"ix":2},"a":{"a":0,"k":[0,0],"ix":1},"s":{"a":0,"k":[100,100],"ix":3},"r":{"a":0,"k":0,"ix":6},"o":{"a":0,"k":100,"ix":7},"sk":{"a":0,"k":0,"ix":4},"sa":{"a":0,"k":0,"ix":5},"nm":"Transform"}],"nm":"Group 2","np":3,"cix":2,"bm":0,"ix":2,"mn":"ADBE Vector Group","hd":false}],"ip":0,"op":150,"st":0,"bm":0},{"ddd":0,"ind":5,"ty":4,"nm":"Leg","sr":1,"ks":{"o":{"a":0,"k":100,"ix":11},"r":{"a":0,"k":0,"ix":10},"p":{"a":0,"k":[806.825,474.973,0],"ix":2},"a":{"a":0,"k":[1166.825,414.973,0],"ix":1},"s":{"a":0,"k":[100,100,100],"ix":6}},"ao":0,"shapes":[{"ty":"gr","it":[{"ind":0,"ty":"sh","ix":1,"ks":{"a":0,"k":{"i":[[0,0],[4.051,-86.695],[0,0],[15.652,8.276],[18.905,110.974],[2.043,24.512]],"o":[[0,0],[-4.052,86.696],[0,0],[-5.61,-12.767],[0,0],[0,0]],"v":[[27.373,-214.549],[54.922,-98.686],[34.264,199.734],[8.439,206.273],[-43.557,-44.885],[-58.973,-164.309]],"c":false},"ix":2},"nm":"Path 1","mn":"ADBE Vector Shape - Group","hd":false},{"ty":"st","c":{"a":0,"k":[0,0,0,1],"ix":3,"x":"var $bm_rt;\n$bm_rt = thisComp.layer('Color Control').effect('Color4')('Color');"},"o":{"a":0,"k":100,"ix":4},"w":{"a":0,"k":2,"ix":5},"lc":2,"lj":2,"bm":0,"nm":"Stroke 1","mn":"ADBE Vector Graphic - Stroke","hd":false},{"ty":"fl","c":{"a":0,"k":[1,0.505999995213,0.172999991623,1],"ix":4,"x":"var $bm_rt;\n$bm_rt = thisComp.layer('Color Control').effect('Color1')('Color');"},"o":{"a":0,"k":100,"ix":5},"r":1,"bm":0,"nm":"Fill 1","mn":"ADBE Vector Graphic - Fill","hd":false},{"ty":"tr","p":{"a":0,"k":[1168.671,629.522],"ix":2},"a":{"a":0,"k":[0,0],"ix":1},"s":{"a":0,"k":[100,100],"ix":3},"r":{"a":0,"k":0,"ix":6},"o":{"a":0,"k":100,"ix":7},"sk":{"a":0,"k":0,"ix":4},"sa":{"a":0,"k":0,"ix":5},"nm":"Transform"}],"nm":"Group 1","np":3,"cix":2,"bm":0,"ix":1,"mn":"ADBE Vector Group","hd":false},{"ty":"gr","it":[{"ind":0,"ty":"sh","ix":1,"ks":{"a":0,"k":{"i":[[6.255,-1.173],[2.92,3.62],[-4.362,-6.826],[-4.765,5.901],[1.87,10.219]],"o":[[-4.285,1.071],[-9.093,7.522],[5.219,8.17],[2.452,-3.034],[-4.482,4.127]],"v":[[15.727,-16.792],[0.183,-18.722],[-30.594,17.02],[32.504,-0.684],[31.755,-25.19]],"c":true},"ix":2},"nm":"Path 1","mn":"ADBE Vector Shape - Group","hd":false},{"ty":"st","c":{"a":0,"k":[0.102000000898,0.102000000898,0.102000000898,1],"ix":3,"x":"var $bm_rt;\n$bm_rt = thisComp.layer('Color Control').effect('Color5')('Color');"},"o":{"a":0,"k":100,"ix":4},"w":{"a":0,"k":2,"ix":5},"lc":2,"lj":2,"bm":0,"nm":"Stroke 1","mn":"ADBE Vector Graphic - Stroke","hd":false},{"ty":"fl","c":{"a":0,"k":[1,1,1,1],"ix":4,"x":"var $bm_rt;\n$bm_rt = thisComp.layer('Color Control').effect('Color2')('Color');"},"o":{"a":0,"k":100,"ix":5},"r":1,"bm":0,"nm":"Fill 1","mn":"ADBE Vector Graphic - Fill","hd":false},{"ty":"tr","p":{"a":0,"k":[1171.617,871.941],"ix":2},"a":{"a":0,"k":[0,0],"ix":1},"s":{"a":0,"k":[100,100],"ix":3},"r":{"a":0,"k":0,"ix":6},"o":{"a":0,"k":100,"ix":7},"sk":{"a":0,"k":0,"ix":4},"sa":{"a":0,"k":0,"ix":5},"nm":"Transform"}],"nm":"Group 2","np":3,"cix":2,"bm":0,"ix":2,"mn":"ADBE Vector Group","hd":false},{"ty":"gr","it":[{"ind":0,"ty":"sh","ix":1,"ks":{"a":0,"k":{"i":[[-4.285,1.071],[-4.482,4.127],[0.484,2.275],[8.44,0.356],[0.275,-0.459],[1.792,-1.482]],"o":[[6.255,-1.173],[-0.466,-2.548],[-7.964,3.189],[-0.893,3.432],[-0.112,0.187],[2.92,3.62]],"v":[[-0.242,7.008],[15.786,-1.39],[14.337,-8.698],[-10.745,-4.445],[-12.744,2.462],[-15.786,5.078]],"c":true},"ix":2},"nm":"Path 1","mn":"ADBE Vector Shape - Group","hd":false},{"ty":"st","c":{"a":0,"k":[0.102000000898,0.102000000898,0.102000000898,1],"ix":3,"x":"var $bm_rt;\n$bm_rt = thisComp.layer('Color Control').effect('Color5')('Color');"},"o":{"a":0,"k":100,"ix":4},"w":{"a":0,"k":2,"ix":5},"lc":2,"lj":2,"bm":0,"nm":"Stroke 1","mn":"ADBE Vector Graphic - Stroke","hd":false},{"ty":"fl","c":{"a":0,"k":[1,1,1,1],"ix":4,"x":"var $bm_rt;\n$bm_rt = thisComp.layer('Color Control').effect('Color2')('Color');"},"o":{"a":0,"k":100,"ix":5},"r":1,"bm":0,"nm":"Fill 1","mn":"ADBE Vector Graphic - Fill","hd":false},{"ty":"tr","p":{"a":0,"k":[1187.586,848.141],"ix":2},"a":{"a":0,"k":[0,0],"ix":1},"s":{"a":0,"k":[100,100],"ix":3},"r":{"a":0,"k":0,"ix":6},"o":{"a":0,"k":100,"ix":7},"sk":{"a":0,"k":0,"ix":4},"sa":{"a":0,"k":0,"ix":5},"nm":"Transform"}],"nm":"Group 3","np":3,"cix":2,"bm":0,"ix":3,"mn":"ADBE Vector Group","hd":false},{"ty":"gr","it":[{"ind":0,"ty":"sh","ix":1,"ks":{"a":0,"k":{"i":[[-7.964,3.189],[0,0],[0,0],[1.316,-5.061]],"o":[[-1.349,-6.35],[0,0],[0,0],[8.44,0.356]],"v":[[12.541,3.237],[9.974,-7.846],[-9.773,-3.534],[-12.541,7.49]],"c":true},"ix":2},"nm":"Path 1","mn":"ADBE Vector Shape - Group","hd":false},{"ty":"st","c":{"a":0,"k":[0.102000000898,0.102000000898,0.102000000898,1],"ix":3,"x":"var $bm_rt;\n$bm_rt = thisComp.layer('Color Control').effect('Color5')('Color');"},"o":{"a":0,"k":100,"ix":4},"w":{"a":0,"k":1,"ix":5},"lc":2,"lj":2,"bm":0,"nm":"Stroke 1","mn":"ADBE Vector Graphic - Stroke","hd":false},{"ty":"fl","c":{"a":0,"k":[0.109999997008,0.011999999776,0.067000003889,1],"ix":4,"x":"var $bm_rt;\n$bm_rt = thisComp.layer('Color Control').effect('Color3')('Color');"},"o":{"a":0,"k":100,"ix":5},"r":1,"bm":0,"nm":"Fill 1","mn":"ADBE Vector Graphic - Fill","hd":false},{"ty":"tr","p":{"a":0,"k":[1189.382,836.206],"ix":2},"a":{"a":0,"k":[0,0],"ix":1},"s":{"a":0,"k":[100,100],"ix":3},"r":{"a":0,"k":0,"ix":6},"o":{"a":0,"k":100,"ix":7},"sk":{"a":0,"k":0,"ix":4},"sa":{"a":0,"k":0,"ix":5},"nm":"Transform"}],"nm":"Group 4","np":3,"cix":2,"bm":0,"ix":4,"mn":"ADBE Vector Group","hd":false}],"ip":0,"op":150,"st":0,"bm":0},{"ddd":0,"ind":6,"ty":4,"nm":"Leg2","sr":1,"ks":{"o":{"a":0,"k":100,"ix":11},"r":{"a":0,"k":0,"ix":10},"p":{"a":0,"k":[780.52,477.844,0],"ix":2},"a":{"a":0,"k":[1140.52,417.844,0],"ix":1},"s":{"a":0,"k":[100,100,100],"ix":6}},"ao":0,"shapes":[{"ty":"gr","it":[{"ind":0,"ty":"sh","ix":1,"ks":{"a":0,"k":{"i":[[0,0],[-16.796,-2.724]],"o":[[0,0],[0,0]],"v":[[-11.037,-11.063],[11.037,11.063]],"c":false},"ix":2},"nm":"Path 1","mn":"ADBE Vector Shape - Group","hd":false},{"ty":"st","c":{"a":0,"k":[0.102000000898,0.102000000898,0.102000000898,1],"ix":3,"x":"var $bm_rt;\n$bm_rt = thisComp.layer('Color Control').effect('Color5')('Color');"},"o":{"a":0,"k":100,"ix":4},"w":{"a":0,"k":2,"ix":5},"lc":2,"lj":2,"bm":0,"nm":"Stroke 1","mn":"ADBE Vector Graphic - Stroke","hd":false},{"ty":"tr","p":{"a":0,"k":[1161.988,482.066],"ix":2},"a":{"a":0,"k":[0,0],"ix":1},"s":{"a":0,"k":[100,100],"ix":3},"r":{"a":0,"k":0,"ix":6},"o":{"a":0,"k":100,"ix":7},"sk":{"a":0,"k":0,"ix":4},"sa":{"a":0,"k":0,"ix":5},"nm":"Transform"}],"nm":"Group 1","np":2,"cix":2,"bm":0,"ix":1,"mn":"ADBE Vector Group","hd":false},{"ty":"gr","it":[{"ind":0,"ty":"sh","ix":1,"ks":{"a":0,"k":{"i":[[0,0],[-9.968,-17.825],[0,0],[-12.154,70.49],[0,0]],"o":[[0,0],[16.709,6.631],[0,0],[12.154,-70.491],[0,0]],"v":[[-54.621,-207.26],[-31.512,205.099],[-2.098,207.26],[42.467,-80.914],[32.609,-211.73]],"c":false},"ix":2},"nm":"Path 1","mn":"ADBE Vector Shape - Group","hd":false},{"ty":"st","c":{"a":0,"k":[0,0,0,1],"ix":3,"x":"var $bm_rt;\n$bm_rt = thisComp.layer('Color Control').effect('Color4')('Color');"},"o":{"a":0,"k":100,"ix":4},"w":{"a":0,"k":2,"ix":5},"lc":2,"lj":2,"bm":0,"nm":"Stroke 1","mn":"ADBE Vector Graphic - Stroke","hd":false},{"ty":"fl","c":{"a":0,"k":[1,0.505999995213,0.172999991623,1],"ix":4,"x":"var $bm_rt;\n$bm_rt = thisComp.layer('Color Control').effect('Color1')('Color');"},"o":{"a":0,"k":100,"ix":5},"r":1,"bm":0,"nm":"Fill 1","mn":"ADBE Vector Graphic - Fill","hd":false},{"ty":"tr","p":{"a":0,"k":[1155.197,629.575],"ix":2},"a":{"a":0,"k":[0,0],"ix":1},"s":{"a":0,"k":[100,100],"ix":3},"r":{"a":0,"k":0,"ix":6},"o":{"a":0,"k":100,"ix":7},"sk":{"a":0,"k":0,"ix":4},"sa":{"a":0,"k":0,"ix":5},"nm":"Transform"}],"nm":"Group 2","np":3,"cix":2,"bm":0,"ix":2,"mn":"ADBE Vector Group","hd":false},{"ty":"gr","it":[{"ind":0,"ty":"sh","ix":1,"ks":{"a":0,"k":{"i":[[6.593,4.302],[0,0],[7.154,-2.236],[-1.887,-0.755],[-9.184,0.856],[0.033,0.973]],"o":[[0,0],[0,0],[0.28,1.881],[9.185,3.062],[-0.004,-1.027],[-8.558,0.448]],"v":[[-8.235,-5.029],[-8.307,-4.559],[-15.464,-2.322],[-12.089,1.966],[15.464,3.144],[15.407,0.137]],"c":true},"ix":2},"nm":"Path 1","mn":"ADBE Vector Shape - Group","hd":false},{"ty":"st","c":{"a":0,"k":[0.102000000898,0.102000000898,0.102000000898,1],"ix":3,"x":"var $bm_rt;\n$bm_rt = thisComp.layer('Color Control').effect('Color5')('Color');"},"o":{"a":0,"k":100,"ix":4},"w":{"a":0,"k":2,"ix":5},"lc":2,"lj":2,"bm":0,"nm":"Stroke 1","mn":"ADBE Vector Graphic - Stroke","hd":false},{"ty":"fl","c":{"a":0,"k":[1,1,1,1],"ix":4,"x":"var $bm_rt;\n$bm_rt = thisComp.layer('Color Control').effect('Color2')('Color');"},"o":{"a":0,"k":100,"ix":5},"r":1,"bm":0,"nm":"Fill 1","mn":"ADBE Vector Graphic - Fill","hd":false},{"ty":"tr","p":{"a":0,"k":[1136.391,844.268],"ix":2},"a":{"a":0,"k":[0,0],"ix":1},"s":{"a":0,"k":[100,100],"ix":3},"r":{"a":0,"k":0,"ix":6},"o":{"a":0,"k":100,"ix":7},"sk":{"a":0,"k":0,"ix":4},"sa":{"a":0,"k":0,"ix":5},"nm":"Transform"}],"nm":"Group 3","np":3,"cix":2,"bm":0,"ix":3,"mn":"ADBE Vector Group","hd":false},{"ty":"gr","it":[{"ind":0,"ty":"sh","ix":1,"ks":{"a":0,"k":{"i":[[9.185,3.062],[0.279,1.881],[1.425,-0.445],[-0.908,-5.22],[-10.441,3.178],[0.038,8.967]],"o":[[-1.888,-0.755],[-1.077,0.336],[-12.484,3.632],[0.908,5.22],[5.765,-1.755],[-9.185,0.856]],"v":[[8.94,-10.595],[5.565,-14.883],[1.828,-13.716],[-35.624,8.754],[29.519,11.705],[36.494,-9.417]],"c":true},"ix":2},"nm":"Path 1","mn":"ADBE Vector Shape - Group","hd":false},{"ty":"st","c":{"a":0,"k":[0.102000000898,0.102000000898,0.102000000898,1],"ix":3,"x":"var $bm_rt;\n$bm_rt = thisComp.layer('Color Control').effect('Color5')('Color');"},"o":{"a":0,"k":100,"ix":4},"w":{"a":0,"k":2,"ix":5},"lc":2,"lj":2,"bm":0,"nm":"Stroke 1","mn":"ADBE Vector Graphic - Stroke","hd":false},{"ty":"fl","c":{"a":0,"k":[1,1,1,1],"ix":4,"x":"var $bm_rt;\n$bm_rt = thisComp.layer('Color Control').effect('Color2')('Color');"},"o":{"a":0,"k":100,"ix":5},"r":1,"bm":0,"nm":"Fill 1","mn":"ADBE Vector Graphic - Fill","hd":false},{"ty":"tr","p":{"a":0,"k":[1115.362,856.829],"ix":2},"a":{"a":0,"k":[0,0],"ix":1},"s":{"a":0,"k":[100,100],"ix":3},"r":{"a":0,"k":0,"ix":6},"o":{"a":0,"k":100,"ix":7},"sk":{"a":0,"k":0,"ix":4},"sa":{"a":0,"k":0,"ix":5},"nm":"Transform"}],"nm":"Group 4","np":3,"cix":2,"bm":0,"ix":4,"mn":"ADBE Vector Group","hd":false},{"ty":"gr","it":[{"ind":0,"ty":"sh","ix":1,"ks":{"a":0,"k":{"i":[[-8.558,0.448],[0,0],[0,0],[0,0]],"o":[[-0.201,-5.927],[0,0],[0,0],[6.593,4.302]],"v":[[11.822,6.663],[10.974,-3.935],[-10.531,-7.112],[-11.822,1.497]],"c":true},"ix":2},"nm":"Path 1","mn":"ADBE Vector Shape - Group","hd":false},{"ty":"st","c":{"a":0,"k":[0.102000000898,0.102000000898,0.102000000898,1],"ix":3,"x":"var $bm_rt;\n$bm_rt = thisComp.layer('Color Control').effect('Color5')('Color');"},"o":{"a":0,"k":100,"ix":4},"w":{"a":0,"k":1,"ix":5},"lc":2,"lj":2,"bm":0,"nm":"Stroke 1","mn":"ADBE Vector Graphic - Stroke","hd":false},{"ty":"fl","c":{"a":0,"k":[0.109999997008,0.011999999776,0.067000003889,1],"ix":4,"x":"var $bm_rt;\n$bm_rt = thisComp.layer('Color Control').effect('Color3')('Color');"},"o":{"a":0,"k":100,"ix":5},"r":1,"bm":0,"nm":"Fill 1","mn":"ADBE Vector Graphic - Fill","hd":false},{"ty":"tr","p":{"a":0,"k":[1139.976,837.742],"ix":2},"a":{"a":0,"k":[0,0],"ix":1},"s":{"a":0,"k":[100,100],"ix":3},"r":{"a":0,"k":0,"ix":6},"o":{"a":0,"k":100,"ix":7},"sk":{"a":0,"k":0,"ix":4},"sa":{"a":0,"k":0,"ix":5},"nm":"Transform"}],"nm":"Group 5","np":3,"cix":2,"bm":0,"ix":5,"mn":"ADBE Vector Group","hd":false}],"ip":0,"op":150,"st":0,"bm":0},{"ddd":0,"ind":7,"ty":4,"nm":"Arm","parent":3,"sr":1,"ks":{"o":{"a":0,"k":100,"ix":11},"r":{"a":1,"k":[{"i":{"x":[0.667],"y":[1]},"o":{"x":[0.333],"y":[0]},"t":0,"s":[-121]},{"i":{"x":[0.667],"y":[1]},"o":{"x":[0.333],"y":[0]},"t":30,"s":[-121]},{"i":{"x":[0.667],"y":[1]},"o":{"x":[0.333],"y":[0]},"t":60,"s":[0]},{"i":{"x":[0.833],"y":[1]},"o":{"x":[0.333],"y":[0]},"t":91,"s":[0]},{"i":{"x":[0.667],"y":[1]},"o":{"x":[0.167],"y":[0]},"t":120,"s":[-16]},{"t":149,"s":[-121]}],"ix":10},"p":{"a":0,"k":[1123.343,356.666,0],"ix":2},"a":{"a":0,"k":[1123.343,356.666,0],"ix":1},"s":{"a":0,"k":[100,100,100],"ix":6}},"ao":0,"shapes":[{"ty":"gr","it":[{"ind":0,"ty":"sh","ix":1,"ks":{"a":0,"k":{"i":[[3.519,7.717],[6.809,0.568],[0.341,-13.278],[0,0],[-4.199,-0.114],[-4.313,-1.135],[0,0]],"o":[[0,0],[-6.809,-0.567],[0,1.664],[0,0],[1.475,8.739],[4.312,1.134],[0,0]],"v":[[18.404,1.07],[0.927,-15.271],[-21.922,4.246],[-18.82,2.776],[-12.396,-2.71],[-1.002,10.377],[8.077,15.839]],"c":true},"ix":2},"nm":"Path 1","mn":"ADBE Vector Shape - Group","hd":false},{"ty":"st","c":{"a":0,"k":[0.102000000898,0.102000000898,0.102000000898,1],"ix":3,"x":"var $bm_rt;\n$bm_rt = thisComp.layer('Color Control').effect('Color5')('Color');"},"o":{"a":0,"k":100,"ix":4},"w":{"a":0,"k":2,"ix":5},"lc":2,"lj":2,"bm":0,"nm":"Stroke 1","mn":"ADBE Vector Graphic - Stroke","hd":false},{"ty":"fl","c":{"a":0,"k":[1,1,1,1],"ix":4,"x":"var $bm_rt;\n$bm_rt = thisComp.layer('Color Control').effect('Color2')('Color');"},"o":{"a":0,"k":100,"ix":5},"r":1,"bm":0,"nm":"Fill 1","mn":"ADBE Vector Graphic - Fill","hd":false},{"ty":"tr","p":{"a":1,"k":[{"i":{"x":0.667,"y":0.667},"o":{"x":0.333,"y":0.333},"t":0,"s":[1056.48,309.001],"to":[0,0],"ti":[0,0]},{"i":{"x":0.667,"y":1},"o":{"x":0.333,"y":0},"t":30,"s":[1056.48,309.001],"to":[-0.202,-0.005],"ti":[8.327,0.818]},{"i":{"x":0.667,"y":1},"o":{"x":0.333,"y":0},"t":60,"s":[1055.265,308.971],"to":[-8.327,-0.818],"ti":[8.125,0.813]},{"i":{"x":0.667,"y":0.667},"o":{"x":0.333,"y":0.333},"t":91,"s":[1006.515,304.096],"to":[0,0],"ti":[0,0]},{"i":{"x":0.667,"y":1},"o":{"x":0.333,"y":0},"t":120,"s":[1006.515,304.096],"to":[0.024,0.398],"ti":[-0.024,-0.398]},{"t":149,"s":[1006.661,306.482]}],"ix":2},"a":{"a":0,"k":[13.5,10.5],"ix":1},"s":{"a":0,"k":[100,100],"ix":3},"r":{"a":1,"k":[{"i":{"x":[0.833],"y":[1]},"o":{"x":[0.167],"y":[0]},"t":0,"s":[3]},{"i":{"x":[0.667],"y":[1]},"o":{"x":[0.167],"y":[0]},"t":30,"s":[3]},{"i":{"x":[0.833],"y":[1]},"o":{"x":[0.333],"y":[0]},"t":60,"s":[0]},{"i":{"x":[0.833],"y":[1]},"o":{"x":[0.167],"y":[0]},"t":91,"s":[-9]},{"i":{"x":[0.833],"y":[1]},"o":{"x":[0.167],"y":[0]},"t":120,"s":[-9]},{"t":149,"s":[3]}],"ix":6},"o":{"a":0,"k":100,"ix":7},"sk":{"a":0,"k":0,"ix":4},"sa":{"a":0,"k":0,"ix":5},"nm":"Transform"}],"nm":"Group 1","np":3,"cix":2,"bm":0,"ix":1,"mn":"ADBE Vector Group","hd":false},{"ty":"gr","it":[{"ind":0,"ty":"sh","ix":1,"ks":{"a":1,"k":[{"i":{"x":0.667,"y":1},"o":{"x":0.333,"y":0},"t":60,"s":[{"i":[[0,0],[0,0],[3.284,3.903],[-8.419,0.808],[0,0],[-9.608,26.875]],"o":[[-30.161,23.201],[0,0],[-3.178,-3.774],[5.192,-0.499],[0,0],[0,0]],"v":[[28.934,23.88],[-26.456,-7.287],[-36.442,-25.93],[-22.597,-46.582],[2.295,-15.488],[39.62,-8.059]],"c":false}]},{"i":{"x":0.667,"y":1},"o":{"x":0.333,"y":0},"t":91,"s":[{"i":[[0,0],[0,0],[2.219,4.433],[-8.419,0.808],[0,0],[-6.843,12.812]],"o":[[-30.161,23.201],[0,0],[-2.209,-4.412],[5.192,-0.499],[0,0],[0,0]],"v":[[28.934,23.88],[-32.456,13.713],[-85.317,-31.805],[-71.472,-52.457],[1.795,-14.488],[40.62,-9.559]],"c":false}]},{"t":120,"s":[{"i":[[0,0],[0,0],[2.219,4.433],[-8.419,0.808],[0,0],[-6.843,12.812]],"o":[[-30.161,23.201],[0,0],[-2.208,-4.412],[5.192,-0.499],[0,0],[0,0]],"v":[[28.934,23.88],[-32.456,13.713],[-85.317,-31.805],[-71.472,-52.457],[1.795,-14.488],[40.62,-9.559]],"c":false}]}],"ix":2},"nm":"Path 1","mn":"ADBE Vector Shape - Group","hd":false},{"ty":"st","c":{"a":0,"k":[0.102000000898,0.102000000898,0.102000000898,1],"ix":3,"x":"var $bm_rt;\n$bm_rt = thisComp.layer('Color Control').effect('Color5')('Color');"},"o":{"a":0,"k":100,"ix":4},"w":{"a":0,"k":2,"ix":5},"lc":2,"lj":2,"bm":0,"nm":"Stroke 1","mn":"ADBE Vector Graphic - Stroke","hd":false},{"ty":"fl","c":{"a":0,"k":[1,1,1,1],"ix":4,"x":"var $bm_rt;\n$bm_rt = thisComp.layer('Color Control').effect('Color2')('Color');"},"o":{"a":0,"k":100,"ix":5},"r":1,"bm":0,"nm":"Fill 1","mn":"ADBE Vector Graphic - Fill","hd":false},{"ty":"tr","p":{"a":0,"k":[1083.723,344.747],"ix":2},"a":{"a":0,"k":[0,0],"ix":1},"s":{"a":0,"k":[100,100],"ix":3},"r":{"a":0,"k":0,"ix":6},"o":{"a":0,"k":100,"ix":7},"sk":{"a":0,"k":0,"ix":4},"sa":{"a":0,"k":0,"ix":5},"nm":"Transform"}],"nm":"Group 2","np":3,"cix":2,"bm":0,"ix":2,"mn":"ADBE Vector Group","hd":false}],"ip":0,"op":150,"st":0,"bm":0},{"ddd":0,"ind":8,"ty":4,"nm":"Chart","sr":1,"ks":{"o":{"a":0,"k":100,"ix":11},"r":{"a":0,"k":0,"ix":10},"p":{"a":0,"k":[600,600,0],"ix":2},"a":{"a":0,"k":[960,540,0],"ix":1},"s":{"a":0,"k":[100,100,100],"ix":6}},"ao":0,"shapes":[{"ty":"gr","it":[{"ty":"gr","it":[{"ind":0,"ty":"sh","ix":1,"ks":{"a":0,"k":{"i":[[0,0],[0,0]],"o":[[0,0],[0,0]],"v":[[656.75,266.5],[530.75,377.25]],"c":false},"ix":2},"nm":"Path 1","mn":"ADBE Vector Shape - Group","hd":false},{"ty":"st","c":{"a":0,"k":[0.102000000898,0.102000000898,0.102000000898,1],"ix":3,"x":"var $bm_rt;\n$bm_rt = thisComp.layer('Color Control').effect('Color5')('Color');"},"o":{"a":0,"k":100,"ix":4},"w":{"a":0,"k":2,"ix":5},"lc":1,"lj":1,"ml":4,"bm":0,"d":[{"n":"d","nm":"dash","v":{"a":0,"k":5,"ix":1}},{"n":"o","nm":"offset","v":{"a":1,"k":[{"i":{"x":[0.833],"y":[0.833]},"o":{"x":[0.167],"y":[0.167]},"t":0,"s":[0]},{"t":149,"s":[-159]}],"ix":7}}],"nm":"Stroke 1","mn":"ADBE Vector Graphic - Stroke","hd":false},{"ty":"tr","p":{"a":0,"k":[0,0],"ix":2},"a":{"a":0,"k":[0,0],"ix":1},"s":{"a":0,"k":[100,100],"ix":3},"r":{"a":0,"k":0,"ix":6},"o":{"a":0,"k":100,"ix":7},"sk":{"a":0,"k":0,"ix":4},"sa":{"a":0,"k":0,"ix":5},"nm":"Transform"}],"nm":"Shape 2","np":2,"cix":2,"bm":0,"ix":1,"mn":"ADBE Vector Group","hd":false},{"ty":"gr","it":[{"ind":0,"ty":"sh","ix":1,"ks":{"a":0,"k":{"i":[[0,0],[0,0]],"o":[[0,0],[0,0]],"v":[[656.5,377],[530.25,266.25]],"c":false},"ix":2},"nm":"Path 1","mn":"ADBE Vector Shape - Group","hd":false},{"ty":"st","c":{"a":0,"k":[0.102000000898,0.102000000898,0.102000000898,1],"ix":3,"x":"var $bm_rt;\n$bm_rt = thisComp.layer('Color Control').effect('Color5')('Color');"},"o":{"a":0,"k":100,"ix":4},"w":{"a":0,"k":2,"ix":5},"lc":1,"lj":1,"ml":4,"bm":0,"d":[{"n":"d","nm":"dash","v":{"a":0,"k":5,"ix":1}},{"n":"o","nm":"offset","v":{"a":1,"k":[{"i":{"x":[0.833],"y":[0.833]},"o":{"x":[0.167],"y":[0.167]},"t":0,"s":[0]},{"t":149,"s":[159]}],"ix":7}}],"nm":"Stroke 1","mn":"ADBE Vector Graphic - Stroke","hd":false},{"ty":"tr","p":{"a":0,"k":[0,0],"ix":2},"a":{"a":0,"k":[0,0],"ix":1},"s":{"a":0,"k":[100,100],"ix":3},"r":{"a":0,"k":0,"ix":6},"o":{"a":0,"k":100,"ix":7},"sk":{"a":0,"k":0,"ix":4},"sa":{"a":0,"k":0,"ix":5},"nm":"Transform"}],"nm":"Shape 1","np":2,"cix":2,"bm":0,"ix":2,"mn":"ADBE Vector Group","hd":false},{"ty":"gr","it":[{"ind":0,"ty":"sh","ix":1,"ks":{"a":0,"k":{"i":[[0,0],[0,0],[0,0],[0,0]],"o":[[0,0],[0,0],[0,0],[0,0]],"v":[[63.099,4.993],[-63.099,4.993],[-63.099,-4.993],[63.099,-4.993]],"c":true},"ix":2},"nm":"Path 1","mn":"ADBE Vector Shape - Group","hd":false},{"ty":"st","c":{"a":0,"k":[0.102000000898,0.102000000898,0.102000000898,1],"ix":3,"x":"var $bm_rt;\n$bm_rt = thisComp.layer('Color Control').effect('Color5')('Color');"},"o":{"a":0,"k":100,"ix":4},"w":{"a":0,"k":1,"ix":5},"lc":2,"lj":2,"bm":0,"nm":"Stroke 1","mn":"ADBE Vector Graphic - Stroke","hd":false},{"ty":"fl","c":{"a":0,"k":[0.109999997008,0.011999999776,0.067000003889,1],"ix":4,"x":"var $bm_rt;\n$bm_rt = thisComp.layer('Color Control').effect('Color3')('Color');"},"o":{"a":0,"k":100,"ix":5},"r":1,"bm":0,"nm":"Fill 1","mn":"ADBE Vector Graphic - Fill","hd":false},{"ty":"tr","p":{"a":0,"k":[593.781,485.046],"ix":2},"a":{"a":0,"k":[0,0],"ix":1},"s":{"a":0,"k":[100,100],"ix":3},"r":{"a":0,"k":0,"ix":6},"o":{"a":1,"k":[{"i":{"x":[0.416],"y":[1]},"o":{"x":[0.652],"y":[0]},"t":30,"s":[0]},{"i":{"x":[0.416],"y":[1]},"o":{"x":[0.167],"y":[0]},"t":50,"s":[100]},{"i":{"x":[0.833],"y":[1]},"o":{"x":[0.167],"y":[0]},"t":99,"s":[100]},{"t":119,"s":[0]}],"ix":7},"sk":{"a":0,"k":0,"ix":4},"sa":{"a":0,"k":0,"ix":5},"nm":"Transform"}],"nm":"Group 10","np":3,"cix":2,"bm":0,"ix":3,"mn":"ADBE Vector Group","hd":false},{"ty":"gr","it":[{"ind":0,"ty":"sh","ix":1,"ks":{"a":0,"k":{"i":[[0,0],[0,0],[0,0],[0,0]],"o":[[0,0],[0,0],[0,0],[0,0]],"v":[[63.099,4.993],[-63.099,4.993],[-63.099,-4.993],[63.099,-4.993]],"c":true},"ix":2},"nm":"Path 1","mn":"ADBE Vector Shape - Group","hd":false},{"ty":"st","c":{"a":0,"k":[0.102000000898,0.102000000898,0.102000000898,1],"ix":3,"x":"var $bm_rt;\n$bm_rt = thisComp.layer('Color Control').effect('Color5')('Color');"},"o":{"a":0,"k":100,"ix":4},"w":{"a":0,"k":1,"ix":5},"lc":2,"lj":2,"bm":0,"nm":"Stroke 1","mn":"ADBE Vector Graphic - Stroke","hd":false},{"ty":"fl","c":{"a":0,"k":[0.109999997008,0.011999999776,0.067000003889,1],"ix":4,"x":"var $bm_rt;\n$bm_rt = thisComp.layer('Color Control').effect('Color3')('Color');"},"o":{"a":0,"k":100,"ix":5},"r":1,"bm":0,"nm":"Fill 1","mn":"ADBE Vector Graphic - Fill","hd":false},{"ty":"tr","p":{"a":0,"k":[593.781,454.905],"ix":2},"a":{"a":0,"k":[0,0],"ix":1},"s":{"a":0,"k":[100,100],"ix":3},"r":{"a":0,"k":0,"ix":6},"o":{"a":1,"k":[{"i":{"x":[0.416],"y":[1]},"o":{"x":[0.652],"y":[0]},"t":20,"s":[0]},{"i":{"x":[0.416],"y":[1]},"o":{"x":[0.167],"y":[0]},"t":40,"s":[100]},{"i":{"x":[0.833],"y":[1]},"o":{"x":[0.167],"y":[0]},"t":109,"s":[100]},{"t":129,"s":[0]}],"ix":7},"sk":{"a":0,"k":0,"ix":4},"sa":{"a":0,"k":0,"ix":5},"nm":"Transform"}],"nm":"Group 11","np":3,"cix":2,"bm":0,"ix":4,"mn":"ADBE Vector Group","hd":false},{"ty":"gr","it":[{"ind":0,"ty":"sh","ix":1,"ks":{"a":0,"k":{"i":[[0,0],[0,0],[0,0],[0,0]],"o":[[0,0],[0,0],[0,0],[0,0]],"v":[[63.099,4.993],[-63.099,4.993],[-63.099,-4.993],[63.099,-4.993]],"c":true},"ix":2},"nm":"Path 1","mn":"ADBE Vector Shape - Group","hd":false},{"ty":"st","c":{"a":0,"k":[0.102000000898,0.102000000898,0.102000000898,1],"ix":3,"x":"var $bm_rt;\n$bm_rt = thisComp.layer('Color Control').effect('Color5')('Color');"},"o":{"a":0,"k":100,"ix":4},"w":{"a":0,"k":1,"ix":5},"lc":2,"lj":2,"bm":0,"nm":"Stroke 1","mn":"ADBE Vector Graphic - Stroke","hd":false},{"ty":"fl","c":{"a":0,"k":[0.109999997008,0.011999999776,0.067000003889,1],"ix":4,"x":"var $bm_rt;\n$bm_rt = thisComp.layer('Color Control').effect('Color3')('Color');"},"o":{"a":0,"k":100,"ix":5},"r":1,"bm":0,"nm":"Fill 1","mn":"ADBE Vector Graphic - Fill","hd":false},{"ty":"tr","p":{"a":0,"k":[593.781,424.765],"ix":2},"a":{"a":0,"k":[0,0],"ix":1},"s":{"a":0,"k":[100,100],"ix":3},"r":{"a":0,"k":0,"ix":6},"o":{"a":1,"k":[{"i":{"x":[0.416],"y":[1]},"o":{"x":[0.652],"y":[0]},"t":10,"s":[0]},{"i":{"x":[0.416],"y":[1]},"o":{"x":[0.167],"y":[0]},"t":30,"s":[100]},{"i":{"x":[0.833],"y":[1]},"o":{"x":[0.167],"y":[0]},"t":119,"s":[100]},{"t":139,"s":[0]}],"ix":7},"sk":{"a":0,"k":0,"ix":4},"sa":{"a":0,"k":0,"ix":5},"nm":"Transform"}],"nm":"Group 12","np":3,"cix":2,"bm":0,"ix":5,"mn":"ADBE Vector Group","hd":false},{"ty":"gr","it":[{"ind":0,"ty":"sh","ix":1,"ks":{"a":0,"k":{"i":[[0,0],[0,0],[0,0],[0,0]],"o":[[0,0],[0,0],[0,0],[0,0]],"v":[[63.099,4.993],[-63.099,4.993],[-63.099,-4.993],[63.099,-4.993]],"c":true},"ix":2},"nm":"Path 1","mn":"ADBE Vector Shape - Group","hd":false},{"ty":"st","c":{"a":0,"k":[0.102000000898,0.102000000898,0.102000000898,1],"ix":3,"x":"var $bm_rt;\n$bm_rt = thisComp.layer('Color Control').effect('Color5')('Color');"},"o":{"a":0,"k":100,"ix":4},"w":{"a":0,"k":1,"ix":5},"lc":2,"lj":2,"bm":0,"nm":"Stroke 1","mn":"ADBE Vector Graphic - Stroke","hd":false},{"ty":"fl","c":{"a":0,"k":[0.109999997008,0.011999999776,0.067000003889,1],"ix":4,"x":"var $bm_rt;\n$bm_rt = thisComp.layer('Color Control').effect('Color3')('Color');"},"o":{"a":0,"k":100,"ix":5},"r":1,"bm":0,"nm":"Fill 1","mn":"ADBE Vector Graphic - Fill","hd":false},{"ty":"tr","p":{"a":0,"k":[593.781,394.626],"ix":2},"a":{"a":0,"k":[0,0],"ix":1},"s":{"a":0,"k":[100,100],"ix":3},"r":{"a":0,"k":0,"ix":6},"o":{"a":1,"k":[{"i":{"x":[0.416],"y":[1]},"o":{"x":[0.652],"y":[0]},"t":0,"s":[0]},{"i":{"x":[0.416],"y":[1]},"o":{"x":[0.167],"y":[0]},"t":20,"s":[100]},{"i":{"x":[0.667],"y":[1]},"o":{"x":[0.167],"y":[0]},"t":129,"s":[100]},{"t":149,"s":[0]}],"ix":7},"sk":{"a":0,"k":0,"ix":4},"sa":{"a":0,"k":0,"ix":5},"nm":"Transform"}],"nm":"Group 13","np":3,"cix":2,"bm":0,"ix":6,"mn":"ADBE Vector Group","hd":false},{"ty":"gr","it":[{"ind":0,"ty":"sh","ix":1,"ks":{"a":0,"k":{"i":[[0,0],[0,0],[0,0],[0,0]],"o":[[0,0],[0,0],[0,0],[0,0]],"v":[[63.099,55.607],[-63.099,55.607],[-63.099,-55.607],[63.099,-55.607]],"c":true},"ix":2},"nm":"Path 1","mn":"ADBE Vector Shape - Group","hd":false},{"ty":"st","c":{"a":0,"k":[0.102000000898,0.102000000898,0.102000000898,1],"ix":3,"x":"var $bm_rt;\n$bm_rt = thisComp.layer('Color Control').effect('Color5')('Color');"},"o":{"a":0,"k":100,"ix":4},"w":{"a":0,"k":2,"ix":5},"lc":2,"lj":2,"bm":0,"nm":"Stroke 1","mn":"ADBE Vector Graphic - Stroke","hd":false},{"ty":"fl","c":{"a":0,"k":[1,1,1,1],"ix":4,"x":"var $bm_rt;\n$bm_rt = thisComp.layer('Color Control').effect('Color2')('Color');"},"o":{"a":0,"k":100,"ix":5},"r":1,"bm":0,"nm":"Fill 1","mn":"ADBE Vector Graphic - Fill","hd":false},{"ty":"tr","p":{"a":0,"k":[593.781,321.768],"ix":2},"a":{"a":0,"k":[0,0],"ix":1},"s":{"a":0,"k":[100,100],"ix":3},"r":{"a":0,"k":0,"ix":6},"o":{"a":0,"k":100,"ix":7},"sk":{"a":0,"k":0,"ix":4},"sa":{"a":0,"k":0,"ix":5},"nm":"Transform"}],"nm":"Group 20","np":3,"cix":2,"bm":0,"ix":7,"mn":"ADBE Vector Group","hd":false},{"ty":"tr","p":{"a":0,"k":[593.782,378.1],"ix":2},"a":{"a":0,"k":[593.782,378.1],"ix":1},"s":{"a":0,"k":[100,100],"ix":3},"r":{"a":0,"k":0,"ix":6},"o":{"a":0,"k":100,"ix":7},"sk":{"a":0,"k":0,"ix":4},"sa":{"a":0,"k":0,"ix":5},"nm":"Transform"}],"nm":"Group 33","np":7,"cix":2,"bm":0,"ix":1,"mn":"ADBE Vector Group","hd":false},{"ty":"gr","it":[{"ty":"gr","it":[{"ind":0,"ty":"sh","ix":1,"ks":{"a":0,"k":{"i":[[0,0],[0,0],[0,0],[0,0]],"o":[[0,0],[0,0],[0,0],[0,0]],"v":[[63.856,2.408],[-63.856,2.408],[-63.856,-2.408],[63.856,-2.408]],"c":true},"ix":2},"nm":"Path 1","mn":"ADBE Vector Shape - Group","hd":false},{"ty":"st","c":{"a":0,"k":[0.102000000898,0.102000000898,0.102000000898,1],"ix":3,"x":"var $bm_rt;\n$bm_rt = thisComp.layer('Color Control').effect('Color5')('Color');"},"o":{"a":0,"k":100,"ix":4},"w":{"a":0,"k":2,"ix":5},"lc":2,"lj":2,"bm":0,"nm":"Stroke 1","mn":"ADBE Vector Graphic - Stroke","hd":false},{"ty":"fl","c":{"a":0,"k":[1,1,1,1],"ix":4,"x":"var $bm_rt;\n$bm_rt = thisComp.layer('Color Control').effect('Color2')('Color');"},"o":{"a":0,"k":100,"ix":5},"r":1,"bm":0,"nm":"Fill 1","mn":"ADBE Vector Graphic - Fill","hd":false},{"ty":"tr","p":{"a":0,"k":[798.666,371.867],"ix":2},"a":{"a":0,"k":[0,0],"ix":1},"s":{"a":0,"k":[100,100],"ix":3},"r":{"a":0,"k":0,"ix":6},"o":{"a":0,"k":100,"ix":7},"sk":{"a":0,"k":0,"ix":4},"sa":{"a":0,"k":0,"ix":5},"nm":"Transform"}],"nm":"Group 5","np":3,"cix":2,"bm":0,"ix":1,"mn":"ADBE Vector Group","hd":false},{"ty":"gr","it":[{"ind":0,"ty":"sh","ix":1,"ks":{"a":0,"k":{"i":[[0,0],[0,0],[0,0],[0,0]],"o":[[0,0],[0,0],[0,0],[0,0]],"v":[[63.856,2.408],[-63.856,2.408],[-63.856,-2.408],[63.856,-2.408]],"c":true},"ix":2},"nm":"Path 1","mn":"ADBE Vector Shape - Group","hd":false},{"ty":"st","c":{"a":0,"k":[0.102000000898,0.102000000898,0.102000000898,1],"ix":3,"x":"var $bm_rt;\n$bm_rt = thisComp.layer('Color Control').effect('Color5')('Color');"},"o":{"a":0,"k":100,"ix":4},"w":{"a":0,"k":2,"ix":5},"lc":2,"lj":2,"bm":0,"nm":"Stroke 1","mn":"ADBE Vector Graphic - Stroke","hd":false},{"ty":"fl","c":{"a":0,"k":[1,1,1,1],"ix":4,"x":"var $bm_rt;\n$bm_rt = thisComp.layer('Color Control').effect('Color2')('Color');"},"o":{"a":0,"k":100,"ix":5},"r":1,"bm":0,"nm":"Fill 1","mn":"ADBE Vector Graphic - Fill","hd":false},{"ty":"tr","p":{"a":0,"k":[798.666,341.277],"ix":2},"a":{"a":0,"k":[0,0],"ix":1},"s":{"a":0,"k":[100,100],"ix":3},"r":{"a":0,"k":0,"ix":6},"o":{"a":0,"k":100,"ix":7},"sk":{"a":0,"k":0,"ix":4},"sa":{"a":0,"k":0,"ix":5},"nm":"Transform"}],"nm":"Group 6","np":3,"cix":2,"bm":0,"ix":2,"mn":"ADBE Vector Group","hd":false},{"ty":"gr","it":[{"ind":0,"ty":"sh","ix":1,"ks":{"a":0,"k":{"i":[[0,0],[0,0],[0,0],[0,0]],"o":[[0,0],[0,0],[0,0],[0,0]],"v":[[63.856,2.408],[-63.856,2.408],[-63.856,-2.408],[63.856,-2.408]],"c":true},"ix":2},"nm":"Path 1","mn":"ADBE Vector Shape - Group","hd":false},{"ty":"st","c":{"a":0,"k":[0.102000000898,0.102000000898,0.102000000898,1],"ix":3,"x":"var $bm_rt;\n$bm_rt = thisComp.layer('Color Control').effect('Color5')('Color');"},"o":{"a":0,"k":100,"ix":4},"w":{"a":0,"k":2,"ix":5},"lc":2,"lj":2,"bm":0,"nm":"Stroke 1","mn":"ADBE Vector Graphic - Stroke","hd":false},{"ty":"fl","c":{"a":0,"k":[1,1,1,1],"ix":4,"x":"var $bm_rt;\n$bm_rt = thisComp.layer('Color Control').effect('Color2')('Color');"},"o":{"a":0,"k":100,"ix":5},"r":1,"bm":0,"nm":"Fill 1","mn":"ADBE Vector Graphic - Fill","hd":false},{"ty":"tr","p":{"a":0,"k":[798.666,310.686],"ix":2},"a":{"a":0,"k":[0,0],"ix":1},"s":{"a":0,"k":[100,100],"ix":3},"r":{"a":0,"k":0,"ix":6},"o":{"a":0,"k":100,"ix":7},"sk":{"a":0,"k":0,"ix":4},"sa":{"a":0,"k":0,"ix":5},"nm":"Transform"}],"nm":"Group 7","np":3,"cix":2,"bm":0,"ix":3,"mn":"ADBE Vector Group","hd":false},{"ty":"gr","it":[{"ind":0,"ty":"sh","ix":1,"ks":{"a":0,"k":{"i":[[0,0],[0,0],[0,0],[0,0]],"o":[[0,0],[0,0],[0,0],[0,0]],"v":[[63.856,2.408],[-63.856,2.408],[-63.856,-2.408],[63.856,-2.408]],"c":true},"ix":2},"nm":"Path 1","mn":"ADBE Vector Shape - Group","hd":false},{"ty":"st","c":{"a":0,"k":[0.102000000898,0.102000000898,0.102000000898,1],"ix":3,"x":"var $bm_rt;\n$bm_rt = thisComp.layer('Color Control').effect('Color5')('Color');"},"o":{"a":0,"k":100,"ix":4},"w":{"a":0,"k":2,"ix":5},"lc":2,"lj":2,"bm":0,"nm":"Stroke 1","mn":"ADBE Vector Graphic - Stroke","hd":false},{"ty":"fl","c":{"a":0,"k":[1,1,1,1],"ix":4,"x":"var $bm_rt;\n$bm_rt = thisComp.layer('Color Control').effect('Color2')('Color');"},"o":{"a":0,"k":100,"ix":5},"r":1,"bm":0,"nm":"Fill 1","mn":"ADBE Vector Graphic - Fill","hd":false},{"ty":"tr","p":{"a":0,"k":[798.666,280.095],"ix":2},"a":{"a":0,"k":[0,0],"ix":1},"s":{"a":0,"k":[100,100],"ix":3},"r":{"a":0,"k":0,"ix":6},"o":{"a":0,"k":100,"ix":7},"sk":{"a":0,"k":0,"ix":4},"sa":{"a":0,"k":0,"ix":5},"nm":"Transform"}],"nm":"Group 8","np":3,"cix":2,"bm":0,"ix":4,"mn":"ADBE Vector Group","hd":false},{"ty":"gr","it":[{"ind":0,"ty":"sh","ix":1,"ks":{"a":0,"k":{"i":[[0,0],[0,0],[0,0],[0,0]],"o":[[0,0],[0,0],[0,0],[0,0]],"v":[[63.856,2.408],[-63.856,2.408],[-63.856,-2.408],[63.856,-2.408]],"c":true},"ix":2},"nm":"Path 1","mn":"ADBE Vector Shape - Group","hd":false},{"ty":"st","c":{"a":0,"k":[0.102000000898,0.102000000898,0.102000000898,1],"ix":3,"x":"var $bm_rt;\n$bm_rt = thisComp.layer('Color Control').effect('Color5')('Color');"},"o":{"a":0,"k":100,"ix":4},"w":{"a":0,"k":2,"ix":5},"lc":2,"lj":2,"bm":0,"nm":"Stroke 1","mn":"ADBE Vector Graphic - Stroke","hd":false},{"ty":"fl","c":{"a":0,"k":[1,1,1,1],"ix":4,"x":"var $bm_rt;\n$bm_rt = thisComp.layer('Color Control').effect('Color2')('Color');"},"o":{"a":0,"k":100,"ix":5},"r":1,"bm":0,"nm":"Fill 1","mn":"ADBE Vector Graphic - Fill","hd":false},{"ty":"tr","p":{"a":0,"k":[798.666,249.505],"ix":2},"a":{"a":0,"k":[0,0],"ix":1},"s":{"a":0,"k":[100,100],"ix":3},"r":{"a":0,"k":0,"ix":6},"o":{"a":0,"k":100,"ix":7},"sk":{"a":0,"k":0,"ix":4},"sa":{"a":0,"k":0,"ix":5},"nm":"Transform"}],"nm":"Group 9","np":3,"cix":2,"bm":0,"ix":5,"mn":"ADBE Vector Group","hd":false},{"ty":"tr","p":{"a":1,"k":[{"i":{"x":0.833,"y":0.833},"o":{"x":0.167,"y":0.167},"t":0,"s":[798.666,310.686],"to":[0,10],"ti":[0,0]},{"i":{"x":0.833,"y":0.833},"o":{"x":0.167,"y":0.167},"t":120,"s":[798.666,370.686],"to":[0,0],"ti":[0,10]},{"t":149,"s":[798.666,310.686]}],"ix":2},"a":{"a":0,"k":[798.666,310.686],"ix":1},"s":{"a":0,"k":[100,100],"ix":3},"r":{"a":0,"k":0,"ix":6},"o":{"a":0,"k":100,"ix":7},"sk":{"a":0,"k":0,"ix":4},"sa":{"a":0,"k":0,"ix":5},"nm":"Transform"}],"nm":"Group 34","np":5,"cix":2,"bm":0,"ix":2,"mn":"ADBE Vector Group","hd":false},{"ty":"gr","it":[{"ty":"gr","it":[{"ty":"gr","it":[{"ind":0,"ty":"sh","ix":1,"ks":{"a":0,"k":{"i":[[-5.088,-0.089],[0.127,0],[0,0],[3.433,3.432],[0,5.234],[0,0],[0,0],[0,0],[0,0],[0,0],[-3.433,-3.432]],"o":[[-0.121,0.013],[0,0],[-5.235,0],[-3.432,-3.432],[0,0],[0,0],[0,0],[0,0],[0,0],[0,5.234],[3.349,3.35]],"v":[[98.286,11.586],[97.91,11.599],[-79.329,11.599],[-92.734,6.046],[-98.286,-7.358],[-98.286,-10.943],[-60.626,-11.599],[-60.626,-10.593],[79.698,-10.593],[79.698,-7.358],[85.251,6.046]],"c":true},"ix":2},"nm":"Path 1","mn":"ADBE Vector Shape - Group","hd":false},{"ty":"st","c":{"a":0,"k":[0.102000000898,0.102000000898,0.102000000898,1],"ix":3,"x":"var $bm_rt;\n$bm_rt = thisComp.layer('Color Control').effect('Color5')('Color');"},"o":{"a":0,"k":100,"ix":4},"w":{"a":0,"k":2,"ix":5},"lc":2,"lj":2,"bm":0,"nm":"Stroke 1","mn":"ADBE Vector Graphic - Stroke","hd":false},{"ty":"tr","p":{"a":0,"k":[772.909,424.766],"ix":2},"a":{"a":0,"k":[0,0],"ix":1},"s":{"a":0,"k":[100,100],"ix":3},"r":{"a":0,"k":0,"ix":6},"o":{"a":0,"k":100,"ix":7},"sk":{"a":0,"k":0,"ix":4},"sa":{"a":0,"k":0,"ix":5},"nm":"Transform"}],"nm":"Group 22","np":2,"cix":2,"bm":0,"ix":1,"mn":"ADBE Vector Group","hd":false},{"ty":"gr","it":[{"ind":0,"ty":"sh","ix":1,"ks":{"a":0,"k":{"i":[[-5.088,-0.089],[0.127,0],[0,0],[3.433,3.432],[0,5.234],[0,0],[0,0],[0,0],[0,0],[0,0],[-3.433,-3.432]],"o":[[-0.121,0.013],[0,0],[-5.235,0],[-3.432,-3.432],[0,0],[0,0],[0,0],[0,0],[0,0],[0,5.234],[3.349,3.35]],"v":[[98.286,11.586],[97.91,11.599],[-79.329,11.599],[-92.734,6.046],[-98.286,-7.358],[-98.286,-10.943],[-60.626,-11.599],[-60.626,-10.593],[79.698,-10.593],[79.698,-7.358],[85.251,6.046]],"c":true},"ix":2},"nm":"Path 1","mn":"ADBE Vector Shape - Group","hd":false},{"ty":"st","c":{"a":0,"k":[0.102000000898,0.102000000898,0.102000000898,1],"ix":3,"x":"var $bm_rt;\n$bm_rt = thisComp.layer('Color Control').effect('Color5')('Color');"},"o":{"a":0,"k":100,"ix":4},"w":{"a":0,"k":2,"ix":5},"lc":2,"lj":2,"bm":0,"nm":"Stroke 1","mn":"ADBE Vector Graphic - Stroke","hd":false},{"ty":"tr","p":{"a":0,"k":[772.909,424.766],"ix":2},"a":{"a":0,"k":[0,0],"ix":1},"s":{"a":0,"k":[100,100],"ix":3},"r":{"a":0,"k":0,"ix":6},"o":{"a":0,"k":100,"ix":7},"sk":{"a":0,"k":0,"ix":4},"sa":{"a":0,"k":0,"ix":5},"nm":"Transform"}],"nm":"Group 24","np":2,"cix":2,"bm":0,"ix":2,"mn":"ADBE Vector Group","hd":false},{"ty":"tr","p":{"a":1,"k":[{"i":{"x":0.833,"y":0.833},"o":{"x":0.167,"y":0.167},"t":0,"s":[772.909,424.766],"to":[0,9.167],"ti":[0,0]},{"i":{"x":0.833,"y":0.833},"o":{"x":0.167,"y":0.167},"t":120,"s":[772.909,479.766],"to":[0,0],"ti":[0,9.167]},{"t":149,"s":[772.909,424.766]}],"ix":2},"a":{"a":0,"k":[772.909,424.766],"ix":1},"s":{"a":0,"k":[100,100],"ix":3},"r":{"a":0,"k":0,"ix":6},"o":{"a":0,"k":100,"ix":7},"sk":{"a":0,"k":0,"ix":4},"sa":{"a":0,"k":0,"ix":5},"nm":"Transform"}],"nm":"Group 30","np":2,"cix":2,"bm":0,"ix":1,"mn":"ADBE Vector Group","hd":false},{"ty":"gr","it":[{"ind":0,"ty":"sh","ix":1,"ks":{"a":0,"k":{"i":[[0,-5.234],[0,0],[0,0],[0,0],[0,0],[-10.468,0],[-3.432,-3.432]],"o":[[0,0],[0,0],[0,0],[0,0],[0,-10.468],[5.235,0],[3.432,3.432]],"v":[[19.292,7.348],[19.292,10.934],[-18.369,11.59],[-19.292,11.608],[-19.292,7.4],[0.333,-11.608],[13.738,-6.056]],"c":true},"ix":2},"nm":"Path 1","mn":"ADBE Vector Shape - Group","hd":false},{"ty":"st","c":{"a":0,"k":[0.102000000898,0.102000000898,0.102000000898,1],"ix":3,"x":"var $bm_rt;\n$bm_rt = thisComp.layer('Color Control').effect('Color5')('Color');"},"o":{"a":0,"k":100,"ix":4},"w":{"a":0,"k":1,"ix":5},"lc":2,"lj":2,"bm":0,"nm":"Stroke 1","mn":"ADBE Vector Graphic - Stroke","hd":false},{"ty":"fl","c":{"a":0,"k":[0.109999997008,0.011999999776,0.067000003889,1],"ix":4,"x":"var $bm_rt;\n$bm_rt = thisComp.layer('Color Control').effect('Color3')('Color');"},"o":{"a":0,"k":100,"ix":5},"r":1,"bm":0,"nm":"Fill 1","mn":"ADBE Vector Graphic - Fill","hd":false},{"ty":"tr","p":{"a":0,"k":[908.145,212.858],"ix":2},"a":{"a":0,"k":[0,0],"ix":1},"s":{"a":0,"k":[100,100],"ix":3},"r":{"a":0,"k":0,"ix":6},"o":{"a":0,"k":100,"ix":7},"sk":{"a":0,"k":0,"ix":4},"sa":{"a":0,"k":0,"ix":5},"nm":"Transform"}],"nm":"Group 27","np":3,"cix":2,"bm":0,"ix":2,"mn":"ADBE Vector Group","hd":false},{"ty":"gr","it":[{"ind":0,"ty":"sh","ix":1,"ks":{"a":1,"k":[{"i":{"x":0.833,"y":0.833},"o":{"x":0.167,"y":0.167},"t":0,"s":[{"i":[[0,0],[0,0],[0,0],[10.297,-0.191],[3.349,3.35],[0,5.234],[0,0],[0,0],[0,0],[0,0],[0,0],[-10.469,0],[0,0],[0,-10.468]],"o":[[0,0],[0,0],[0,10.341],[-5.088,-0.089],[-3.433,-3.432],[0,0],[0,0],[0,0],[0,0],[0,0],[0,-10.469],[0,0],[-10.469,0],[0,0]],"v":[[78.472,94.385],[79.395,94.372],[79.395,98.607],[60.814,117.551],[47.779,112.011],[42.225,98.607],[42.225,95.372],[-97.175,95.372],[-97.175,94.347],[-98.098,94.366],[-98.098,-98.594],[-79.141,-117.551],[98.098,-117.551],[78.472,-98.544]],"c":true}]},{"i":{"x":0.833,"y":0.833},"o":{"x":0.167,"y":0.167},"t":120,"s":[{"i":[[0,0],[0,0],[0,0],[10.297,-0.191],[3.349,3.35],[0,5.234],[0,0],[0,0],[0,0],[0,0],[0,0],[-10.469,0],[0,0],[0,-10.468]],"o":[[0,0],[0,0],[0,10.341],[-5.088,-0.089],[-3.433,-3.432],[0,0],[0,0],[0,0],[0,0],[0,0],[0,-10.469],[0,0],[-10.469,0],[0,0]],"v":[[78.388,149.385],[79.311,149.372],[79.311,153.607],[60.73,172.551],[47.695,167.011],[42.141,153.607],[42.141,150.372],[-97.259,150.372],[-97.259,149.347],[-98.182,149.366],[-98.098,-98.594],[-79.141,-117.551],[98.098,-117.551],[78.472,-98.544]],"c":true}]},{"t":149,"s":[{"i":[[0,0],[0,0],[0,0],[10.297,-0.191],[3.349,3.35],[0,5.234],[0,0],[0,0],[0,0],[0,0],[0,0],[-10.469,0],[0,0],[0,-10.468]],"o":[[0,0],[0,0],[0,10.341],[-5.088,-0.089],[-3.433,-3.432],[0,0],[0,0],[0,0],[0,0],[0,0],[0,-10.469],[0,0],[-10.469,0],[0,0]],"v":[[78.472,94.385],[79.395,94.372],[79.395,98.607],[60.814,117.551],[47.779,112.011],[42.225,98.607],[42.225,95.372],[-97.175,95.372],[-97.175,94.347],[-98.098,94.366],[-98.098,-98.594],[-79.141,-117.551],[98.098,-117.551],[78.472,-98.544]],"c":true}]}],"ix":2},"nm":"Path 1","mn":"ADBE Vector Shape - Group","hd":false},{"ty":"st","c":{"a":0,"k":[0.102000000898,0.102000000898,0.102000000898,1],"ix":3,"x":"var $bm_rt;\n$bm_rt = thisComp.layer('Color Control').effect('Color5')('Color');"},"o":{"a":0,"k":100,"ix":4},"w":{"a":0,"k":2,"ix":5},"lc":2,"lj":2,"bm":0,"nm":"Stroke 1","mn":"ADBE Vector Graphic - Stroke","hd":false},{"ty":"fl","c":{"a":0,"k":[1,1,1,1],"ix":4,"x":"var $bm_rt;\n$bm_rt = thisComp.layer('Color Control').effect('Color2')('Color');"},"o":{"a":0,"k":100,"ix":5},"r":1,"bm":0,"nm":"Fill 1","mn":"ADBE Vector Graphic - Fill","hd":false},{"ty":"tr","p":{"a":0,"k":[810.381,318.801],"ix":2},"a":{"a":0,"k":[0,0],"ix":1},"s":{"a":0,"k":[100,100],"ix":3},"r":{"a":0,"k":0,"ix":6},"o":{"a":0,"k":100,"ix":7},"sk":{"a":0,"k":0,"ix":4},"sa":{"a":0,"k":0,"ix":5},"nm":"Transform"}],"nm":"Group 29","np":3,"cix":2,"bm":0,"ix":3,"mn":"ADBE Vector Group","hd":false},{"ty":"tr","p":{"a":0,"k":[801.03,318.807],"ix":2},"a":{"a":0,"k":[801.03,318.807],"ix":1},"s":{"a":0,"k":[100,100],"ix":3},"r":{"a":0,"k":0,"ix":6},"o":{"a":0,"k":100,"ix":7},"sk":{"a":0,"k":0,"ix":4},"sa":{"a":0,"k":0,"ix":5},"nm":"Transform"}],"nm":"Group 31","np":3,"cix":2,"bm":0,"ix":3,"mn":"ADBE Vector Group","hd":false},{"ty":"gr","it":[{"ty":"gr","it":[{"ind":0,"ty":"sh","ix":1,"ks":{"a":0,"k":{"i":[[2.633,0],[0,0],[0,0],[2.632,0],[0,-2.633],[0,0],[0,0],[0,-2.633],[-2.632,0],[0,0],[0,0],[-2.632,0],[0,2.632],[0,0],[0,0],[0,2.632]],"o":[[0,0],[0,0],[0,-2.633],[-2.632,0],[0,0],[0,0],[-2.632,0],[0,2.632],[0,0],[0,0],[0,2.632],[2.632,0],[0,0],[0,0],[2.633,0],[0,-2.633]],"v":[[10.214,-4.767],[4.766,-4.767],[4.766,-10.214],[-0.001,-14.98],[-4.767,-10.214],[-4.767,-4.767],[-10.215,-4.767],[-14.981,0],[-10.215,4.766],[-4.767,4.766],[-4.767,10.213],[-0.001,14.98],[4.766,10.213],[4.766,4.766],[10.214,4.766],[14.98,0]],"c":true},"ix":2},"nm":"Path 1","mn":"ADBE Vector Shape - Group","hd":false},{"ty":"st","c":{"a":0,"k":[0.102000000898,0.102000000898,0.102000000898,1],"ix":3,"x":"var $bm_rt;\n$bm_rt = thisComp.layer('Color Control').effect('Color5')('Color');"},"o":{"a":0,"k":100,"ix":4},"w":{"a":0,"k":1,"ix":5},"lc":2,"lj":2,"bm":0,"nm":"Stroke 1","mn":"ADBE Vector Graphic - Stroke","hd":false},{"ty":"fl","c":{"a":0,"k":[0.109999997008,0.011999999776,0.067000003889,1],"ix":4,"x":"var $bm_rt;\n$bm_rt = thisComp.layer('Color Control').effect('Color3')('Color');"},"o":{"a":0,"k":100,"ix":5},"r":1,"bm":0,"nm":"Fill 1","mn":"ADBE Vector Graphic - Fill","hd":false},{"ty":"tr","p":{"a":0,"k":[936.658,340.816],"ix":2},"a":{"a":0,"k":[0,0],"ix":1},"s":{"a":0,"k":[100,100],"ix":3},"r":{"a":0,"k":0,"ix":6},"o":{"a":0,"k":100,"ix":7},"sk":{"a":0,"k":0,"ix":4},"sa":{"a":0,"k":0,"ix":5},"nm":"Transform"}],"nm":"Group 2","np":3,"cix":2,"bm":0,"ix":1,"mn":"ADBE Vector Group","hd":false},{"ty":"gr","it":[{"ind":0,"ty":"sh","ix":1,"ks":{"a":0,"k":{"i":[[0,-15.543],[15.544,0],[0,15.543],[-15.543,0]],"o":[[0,15.543],[-15.543,0],[0,-15.543],[15.544,0]],"v":[[28.146,0],[-0.001,28.144],[-28.146,0],[-0.001,-28.144]],"c":true},"ix":2},"nm":"Path 1","mn":"ADBE Vector Shape - Group","hd":false},{"ty":"st","c":{"a":0,"k":[0.102000000898,0.102000000898,0.102000000898,1],"ix":3,"x":"var $bm_rt;\n$bm_rt = thisComp.layer('Color Control').effect('Color5')('Color');"},"o":{"a":0,"k":100,"ix":4},"w":{"a":0,"k":2,"ix":5},"lc":2,"lj":2,"bm":0,"nm":"Stroke 1","mn":"ADBE Vector Graphic - Stroke","hd":false},{"ty":"fl","c":{"a":0,"k":[1,1,1,1],"ix":4,"x":"var $bm_rt;\n$bm_rt = thisComp.layer('Color Control').effect('Color2')('Color');"},"o":{"a":0,"k":100,"ix":5},"r":1,"bm":0,"nm":"Fill 1","mn":"ADBE Vector Graphic - Fill","hd":false},{"ty":"tr","p":{"a":0,"k":[936.657,340.815],"ix":2},"a":{"a":0,"k":[0,0],"ix":1},"s":{"a":0,"k":[100,100],"ix":3},"r":{"a":0,"k":0,"ix":6},"o":{"a":0,"k":100,"ix":7},"sk":{"a":0,"k":0,"ix":4},"sa":{"a":0,"k":0,"ix":5},"nm":"Transform"}],"nm":"Group 4","np":3,"cix":2,"bm":0,"ix":2,"mn":"ADBE Vector Group","hd":false},{"ty":"gr","it":[{"ind":0,"ty":"sh","ix":1,"ks":{"a":0,"k":{"i":[[0,2.632],[0,0],[-2.633,0],[0,0],[0,-2.632],[2.632,0],[0,0]],"o":[[0,0],[0,-2.632],[0,0],[2.632,0],[0,2.632],[0,0],[-2.633,0]],"v":[[-14.981,-0.001],[-14.981,-0.001],[-10.214,-4.767],[10.214,-4.767],[14.98,-0.001],[10.214,4.767],[-10.214,4.767]],"c":true},"ix":2},"nm":"Path 1","mn":"ADBE Vector Shape - Group","hd":false},{"ty":"st","c":{"a":0,"k":[0.102000000898,0.102000000898,0.102000000898,1],"ix":3,"x":"var $bm_rt;\n$bm_rt = thisComp.layer('Color Control').effect('Color5')('Color');"},"o":{"a":0,"k":100,"ix":4},"w":{"a":0,"k":1,"ix":5},"lc":2,"lj":2,"bm":0,"nm":"Stroke 1","mn":"ADBE Vector Graphic - Stroke","hd":false},{"ty":"fl","c":{"a":0,"k":[0.109999997008,0.011999999776,0.067000003889,1],"ix":4,"x":"var $bm_rt;\n$bm_rt = thisComp.layer('Color Control').effect('Color3')('Color');"},"o":{"a":0,"k":100,"ix":5},"r":1,"bm":0,"nm":"Fill 1","mn":"ADBE Vector Graphic - Fill","hd":false},{"ty":"tr","p":{"a":0,"k":[936.657,430.793],"ix":2},"a":{"a":0,"k":[0,0],"ix":1},"s":{"a":0,"k":[100,100],"ix":3},"r":{"a":0,"k":0,"ix":6},"o":{"a":0,"k":100,"ix":7},"sk":{"a":0,"k":0,"ix":4},"sa":{"a":0,"k":0,"ix":5},"nm":"Transform"}],"nm":"Group 1","np":3,"cix":2,"bm":0,"ix":3,"mn":"ADBE Vector Group","hd":false},{"ty":"gr","it":[{"ind":0,"ty":"sh","ix":1,"ks":{"a":0,"k":{"i":[[0,-15.543],[15.544,0],[0,15.543],[-15.543,0]],"o":[[0,15.543],[-15.543,0],[0,-15.543],[15.544,0]],"v":[[28.146,0],[-0.001,28.144],[-28.146,0],[-0.001,-28.144]],"c":true},"ix":2},"nm":"Path 1","mn":"ADBE Vector Shape - Group","hd":false},{"ty":"st","c":{"a":0,"k":[0.102000000898,0.102000000898,0.102000000898,1],"ix":3,"x":"var $bm_rt;\n$bm_rt = thisComp.layer('Color Control').effect('Color5')('Color');"},"o":{"a":0,"k":100,"ix":4},"w":{"a":0,"k":2,"ix":5},"lc":2,"lj":2,"bm":0,"nm":"Stroke 1","mn":"ADBE Vector Graphic - Stroke","hd":false},{"ty":"fl","c":{"a":0,"k":[1,1,1,1],"ix":4,"x":"var $bm_rt;\n$bm_rt = thisComp.layer('Color Control').effect('Color2')('Color');"},"o":{"a":0,"k":100,"ix":5},"r":1,"bm":0,"nm":"Fill 1","mn":"ADBE Vector Graphic - Fill","hd":false},{"ty":"tr","p":{"a":0,"k":[936.657,430.793],"ix":2},"a":{"a":0,"k":[0,0],"ix":1},"s":{"a":0,"k":[100,100],"ix":3},"r":{"a":0,"k":0,"ix":6},"o":{"a":0,"k":100,"ix":7},"sk":{"a":0,"k":0,"ix":4},"sa":{"a":0,"k":0,"ix":5},"nm":"Transform"}],"nm":"Group 3","np":3,"cix":2,"bm":0,"ix":4,"mn":"ADBE Vector Group","hd":false},{"ty":"gr","it":[{"ind":0,"ty":"sh","ix":1,"ks":{"a":0,"k":{"i":[[26.945,0],[0,0],[0,26.946],[0,0],[-26.945,0],[0,0],[0,-26.946],[0,0]],"o":[[0,0],[-26.945,0],[0,0],[0,-26.946],[0,0],[26.945,0],[0,0],[0,26.946]],"v":[[198.087,146.202],[-198.086,146.202],[-246.874,97.413],[-246.874,-97.413],[-198.086,-146.202],[198.087,-146.202],[246.875,-97.413],[246.875,97.413]],"c":true},"ix":2},"nm":"Path 1","mn":"ADBE Vector Shape - Group","hd":false},{"ty":"st","c":{"a":0,"k":[0.102000000898,0.102000000898,0.102000000898,1],"ix":3,"x":"var $bm_rt;\n$bm_rt = thisComp.layer('Color Control').effect('Color5')('Color');"},"o":{"a":0,"k":100,"ix":4},"w":{"a":0,"k":2,"ix":5},"lc":2,"lj":2,"bm":0,"nm":"Stroke 1","mn":"ADBE Vector Graphic - Stroke","hd":false},{"ty":"fl","c":{"a":0,"k":[1,1,1,1],"ix":4,"x":"var $bm_rt;\n$bm_rt = thisComp.layer('Color Control').effect('Color2')('Color');"},"o":{"a":0,"k":100,"ix":5},"r":1,"bm":0,"nm":"Fill 1","mn":"ADBE Vector Graphic - Fill","hd":false},{"ty":"tr","p":{"a":0,"k":[734.81,370.665],"ix":2},"a":{"a":0,"k":[0,0],"ix":1},"s":{"a":0,"k":[100,100],"ix":3},"r":{"a":0,"k":0,"ix":6},"o":{"a":0,"k":100,"ix":7},"sk":{"a":0,"k":0,"ix":4},"sa":{"a":0,"k":0,"ix":5},"nm":"Transform"}],"nm":"Group 30","np":3,"cix":2,"bm":0,"ix":5,"mn":"ADBE Vector Group","hd":false},{"ty":"tr","p":{"a":0,"k":[734.81,370.665],"ix":2},"a":{"a":0,"k":[734.81,370.665],"ix":1},"s":{"a":0,"k":[100,100],"ix":3},"r":{"a":0,"k":0,"ix":6},"o":{"a":0,"k":100,"ix":7},"sk":{"a":0,"k":0,"ix":4},"sa":{"a":0,"k":0,"ix":5},"nm":"Transform"}],"nm":"Group 32","np":5,"cix":2,"bm":0,"ix":4,"mn":"ADBE Vector Group","hd":false}],"ip":0,"op":150,"st":0,"bm":0}]},{"id":"comp_1","layers":[{"ddd":0,"ind":1,"ty":4,"nm":"Color Control","sr":1,"ks":{"o":{"a":0,"k":100,"ix":11},"r":{"a":0,"k":0,"ix":10},"p":{"a":0,"k":[600,600,0],"ix":2},"a":{"a":0,"k":[0,0,0],"ix":1},"s":{"a":0,"k":[100,100,100],"ix":6}},"ao":0,"ef":[{"ty":5,"nm":"Color 1","np":3,"mn":"ADBE Color Control","ix":1,"en":1,"ef":[{"ty":2,"nm":"Color","mn":"ADBE Color Control-0001","ix":1,"v":{"a":0,"k":[0.109803929925,0.011764707044,0.066666670144,1],"ix":1}}]},{"ty":5,"nm":"Color 2","np":3,"mn":"ADBE Color Control","ix":2,"en":1,"ef":[{"ty":2,"nm":"Color","mn":"ADBE Color Control-0001","ix":1,"v":{"a":0,"k":[1,0.505882382393,0.172549024224,1],"ix":1}}]},{"ty":5,"nm":"Color 3","np":3,"mn":"ADBE Color Control","ix":3,"en":1,"ef":[{"ty":2,"nm":"Color","mn":"ADBE Color Control-0001","ix":1,"v":{"a":0,"k":[1,1,1,1],"ix":1}}]},{"ty":5,"nm":"Color 4","np":3,"mn":"ADBE Color Control","ix":4,"en":1,"ef":[{"ty":2,"nm":"Color","mn":"ADBE Color Control-0001","ix":1,"v":{"a":0,"k":[0,0,0,1],"ix":1}}]},{"ty":5,"nm":"Color 5","np":3,"mn":"ADBE Color Control","ix":5,"en":1,"ef":[{"ty":2,"nm":"Color","mn":"ADBE Color Control-0001","ix":1,"v":{"a":0,"k":[0.101960793138,0.101960793138,0.101960793138,0.941176533699],"ix":1}}]}],"shapes":[],"ip":0,"op":150,"st":0,"bm":0},{"ddd":0,"ind":2,"ty":4,"nm":"Wire","sr":1,"ks":{"o":{"a":0,"k":100,"ix":11},"r":{"a":0,"k":0,"ix":10},"p":{"a":0,"k":[422.198,671.211,0],"ix":2},"a":{"a":0,"k":[782.198,611.211,0],"ix":1},"s":{"a":0,"k":[100,100,100],"ix":6}},"ao":0,"shapes":[{"ty":"gr","it":[{"ind":0,"ty":"sh","ix":1,"ks":{"a":0,"k":{"i":[[0,0],[-21.36,-19.897],[87.313,16.85]],"o":[[-6.645,11.863],[86.426,80.512],[0,0]],"v":[[20.201,-94.266],[27.476,-33.692],[-121.902,70.242]],"c":false},"ix":2},"nm":"Path 1","mn":"ADBE Vector Shape - Group","hd":false},{"ty":"st","c":{"a":0,"k":[0.102000000898,0.102000000898,0.102000000898,1],"ix":3,"x":"var $bm_rt;\n$bm_rt = thisComp.layer('Color Control').effect('Color 5')('Color');"},"o":{"a":0,"k":100,"ix":4},"w":{"a":0,"k":2,"ix":5},"lc":2,"lj":2,"bm":0,"d":[{"n":"d","nm":"dash","v":{"a":0,"k":11.889,"ix":1}},{"n":"g","nm":"gap","v":{"a":0,"k":11.889,"ix":2}},{"n":"o","nm":"offset","v":{"a":1,"k":[{"i":{"x":[0.833],"y":[0.833]},"o":{"x":[0.167],"y":[0.167]},"t":0,"s":[0]},{"t":149,"s":[-215]}],"ix":7}}],"nm":"Stroke 1","mn":"ADBE Vector Graphic - Stroke","hd":false},{"ty":"tr","p":{"a":0,"k":[818.089,614.407],"ix":2},"a":{"a":0,"k":[0,0],"ix":1},"s":{"a":0,"k":[100,100],"ix":3},"r":{"a":0,"k":0,"ix":6},"o":{"a":0,"k":100,"ix":7},"sk":{"a":0,"k":0,"ix":4},"sa":{"a":0,"k":0,"ix":5},"nm":"Transform"}],"nm":"Group 2","np":2,"cix":2,"bm":0,"ix":1,"mn":"ADBE Vector Group","hd":false},{"ty":"gr","it":[{"ind":0,"ty":"sh","ix":1,"ks":{"a":0,"k":{"i":[[0,0],[-8.171,-22.374],[81.308,12.687]],"o":[[-1.811,10.122],[16.361,44.798],[0,0]],"v":[[31.24,-104.589],[32.53,-42.088],[-63.391,82.009]],"c":false},"ix":2},"nm":"Path 1","mn":"ADBE Vector Shape - Group","hd":false},{"ty":"st","c":{"a":0,"k":[0.102000000898,0.102000000898,0.102000000898,1],"ix":3,"x":"var $bm_rt;\n$bm_rt = thisComp.layer('Color Control').effect('Color 5')('Color');"},"o":{"a":0,"k":100,"ix":4},"w":{"a":0,"k":2,"ix":5},"lc":2,"lj":2,"bm":0,"d":[{"n":"d","nm":"dash","v":{"a":0,"k":11.454,"ix":1}},{"n":"g","nm":"gap","v":{"a":0,"k":11.454,"ix":2}},{"n":"o","nm":"offset","v":{"a":1,"k":[{"i":{"x":[0.833],"y":[0.833]},"o":{"x":[0.167],"y":[0.167]},"t":0,"s":[0]},{"t":149,"s":[-249]}],"ix":7}}],"nm":"Stroke 1","mn":"ADBE Vector Graphic - Stroke","hd":false},{"ty":"tr","p":{"a":0,"k":[760.083,622.804],"ix":2},"a":{"a":0,"k":[0,0],"ix":1},"s":{"a":0,"k":[100,100],"ix":3},"r":{"a":0,"k":0,"ix":6},"o":{"a":0,"k":100,"ix":7},"sk":{"a":0,"k":0,"ix":4},"sa":{"a":0,"k":0,"ix":5},"nm":"Transform"}],"nm":"Group 5","np":2,"cix":2,"bm":0,"ix":2,"mn":"ADBE Vector Group","hd":false}],"ip":0,"op":150,"st":0,"bm":0},{"ddd":0,"ind":3,"ty":4,"nm":"Background ","sr":1,"ks":{"o":{"a":0,"k":100,"ix":11},"r":{"a":0,"k":0,"ix":10},"p":{"a":0,"k":[600,600,0],"ix":2},"a":{"a":0,"k":[960,540,0],"ix":1},"s":{"a":0,"k":[100,100,100],"ix":6}},"ao":0,"shapes":[{"ty":"gr","it":[{"ind":0,"ty":"sh","ix":1,"ks":{"a":0,"k":{"i":[[0,7.823],[7.824,0],[0,-7.823],[-7.823,0]],"o":[[0,-7.823],[-7.823,0],[0,7.823],[7.824,0]],"v":[[14.166,0],[0,-14.165],[-14.166,0],[0,14.165]],"c":true},"ix":2},"nm":"Path 1","mn":"ADBE Vector Shape - Group","hd":false},{"ty":"st","c":{"a":0,"k":[0,0,0,1],"ix":3,"x":"var $bm_rt;\n$bm_rt = thisComp.layer('Color Control').effect('Color 4')('Color');"},"o":{"a":0,"k":100,"ix":4},"w":{"a":0,"k":2,"ix":5},"lc":2,"lj":2,"bm":0,"nm":"Stroke 1","mn":"ADBE Vector Graphic - Stroke","hd":false},{"ty":"fl","c":{"a":0,"k":[1,0.505999995213,0.172999991623,1],"ix":4,"x":"var $bm_rt;\n$bm_rt = thisComp.layer('Color Control').effect('Color 2')('Color');"},"o":{"a":0,"k":100,"ix":5},"r":1,"bm":0,"nm":"Fill 1","mn":"ADBE Vector Graphic - Fill","hd":false},{"ty":"tr","p":{"a":0,"k":[537.3,577.57],"ix":2},"a":{"a":0,"k":[0,0],"ix":1},"s":{"a":0,"k":[100,100],"ix":3},"r":{"a":0,"k":0,"ix":6},"o":{"a":0,"k":100,"ix":7},"sk":{"a":0,"k":0,"ix":4},"sa":{"a":0,"k":0,"ix":5},"nm":"Transform"}],"nm":"Group 1","np":3,"cix":2,"bm":0,"ix":1,"mn":"ADBE Vector Group","hd":false},{"ty":"gr","it":[{"ind":0,"ty":"sh","ix":1,"ks":{"a":0,"k":{"i":[[0,11.937],[11.937,0],[0,-11.937],[-11.937,0]],"o":[[0,-11.937],[-11.937,0],[0,11.937],[11.937,0]],"v":[[21.614,0],[0,-21.612],[-21.614,0],[0,21.612]],"c":true},"ix":2},"nm":"Path 1","mn":"ADBE Vector Shape - Group","hd":false},{"ty":"st","c":{"a":0,"k":[0.102000000898,0.102000000898,0.102000000898,1],"ix":3,"x":"var $bm_rt;\n$bm_rt = thisComp.layer('Color Control').effect('Color 5')('Color');"},"o":{"a":0,"k":100,"ix":4},"w":{"a":0,"k":1,"ix":5},"lc":2,"lj":2,"bm":0,"nm":"Stroke 1","mn":"ADBE Vector Graphic - Stroke","hd":false},{"ty":"fl","c":{"a":0,"k":[0.109999997008,0.011999999776,0.067000003889,1],"ix":4,"x":"var $bm_rt;\n$bm_rt = thisComp.layer('Color Control').effect('Color 1')('Color');"},"o":{"a":0,"k":100,"ix":5},"r":1,"bm":0,"nm":"Fill 1","mn":"ADBE Vector Graphic - Fill","hd":false},{"ty":"tr","p":{"a":0,"k":[981.685,591.735],"ix":2},"a":{"a":0,"k":[0,0],"ix":1},"s":{"a":0,"k":[100,100],"ix":3},"r":{"a":0,"k":0,"ix":6},"o":{"a":0,"k":100,"ix":7},"sk":{"a":0,"k":0,"ix":4},"sa":{"a":0,"k":0,"ix":5},"nm":"Transform"}],"nm":"Group 2","np":3,"cix":2,"bm":0,"ix":2,"mn":"ADBE Vector Group","hd":false},{"ty":"gr","it":[{"ind":0,"ty":"sh","ix":1,"ks":{"a":0,"k":{"i":[[0,16.797],[16.798,0],[0,-16.797],[-16.798,0]],"o":[[0,-16.797],[-16.798,0],[0,16.797],[16.798,0]],"v":[[30.415,0],[0,-30.414],[-30.415,0],[0,30.414]],"c":true},"ix":2},"nm":"Path 1","mn":"ADBE Vector Shape - Group","hd":false},{"ty":"st","c":{"a":0,"k":[0.102000000898,0.102000000898,0.102000000898,1],"ix":3,"x":"var $bm_rt;\n$bm_rt = thisComp.layer('Color Control').effect('Color 5')('Color');"},"o":{"a":0,"k":100,"ix":4},"w":{"a":0,"k":1,"ix":5},"lc":2,"lj":2,"bm":0,"nm":"Stroke 1","mn":"ADBE Vector Graphic - Stroke","hd":false},{"ty":"fl","c":{"a":0,"k":[0.109999997008,0.011999999776,0.067000003889,1],"ix":4,"x":"var $bm_rt;\n$bm_rt = thisComp.layer('Color Control').effect('Color 1')('Color');"},"o":{"a":0,"k":100,"ix":5},"r":1,"bm":0,"nm":"Fill 1","mn":"ADBE Vector Graphic - Fill","hd":false},{"ty":"tr","p":{"a":0,"k":[1302.856,441.835],"ix":2},"a":{"a":0,"k":[0,0],"ix":1},"s":{"a":0,"k":[100,100],"ix":3},"r":{"a":0,"k":0,"ix":6},"o":{"a":0,"k":100,"ix":7},"sk":{"a":0,"k":0,"ix":4},"sa":{"a":0,"k":0,"ix":5},"nm":"Transform"}],"nm":"Group 3","np":3,"cix":2,"bm":0,"ix":3,"mn":"ADBE Vector Group","hd":false},{"ty":"gr","it":[{"ind":0,"ty":"sh","ix":1,"ks":{"a":0,"k":{"i":[[0,0],[0,0],[0,0],[0,0]],"o":[[0,0],[0,0],[0,0],[0,0]],"v":[[-3.212,-9.297],[27.557,-23.836],[-0.169,14.37],[-27.557,23.836]],"c":true},"ix":2},"nm":"Path 1","mn":"ADBE Vector Shape - Group","hd":false},{"ty":"st","c":{"a":0,"k":[0.102000000898,0.102000000898,0.102000000898,1],"ix":3,"x":"var $bm_rt;\n$bm_rt = thisComp.layer('Color Control').effect('Color 5')('Color');"},"o":{"a":0,"k":100,"ix":4},"w":{"a":0,"k":2,"ix":5},"lc":2,"lj":2,"bm":0,"nm":"Stroke 1","mn":"ADBE Vector Graphic - Stroke","hd":false},{"ty":"fl","c":{"a":0,"k":[1,1,1,1],"ix":4,"x":"var $bm_rt;\n$bm_rt = thisComp.layer('Color Control').effect('Color 3')('Color');"},"o":{"a":0,"k":100,"ix":5},"r":1,"bm":0,"nm":"Fill 1","mn":"ADBE Vector Graphic - Fill","hd":false},{"ty":"tr","p":{"a":0,"k":[544.749,658.371],"ix":2},"a":{"a":0,"k":[0,0],"ix":1},"s":{"a":0,"k":[100,100],"ix":3},"r":{"a":0,"k":0,"ix":6},"o":{"a":0,"k":100,"ix":7},"sk":{"a":0,"k":0,"ix":4},"sa":{"a":0,"k":0,"ix":5},"nm":"Transform"}],"nm":"Group 4","np":3,"cix":2,"bm":0,"ix":4,"mn":"ADBE Vector Group","hd":false},{"ty":"gr","it":[{"ind":0,"ty":"sh","ix":1,"ks":{"a":0,"k":{"i":[[0,0],[0,0],[0,0],[0,0]],"o":[[0,0],[0,0],[0,0],[0,0]],"v":[[-5.861,-30.768],[12.623,0.677],[12.623,30.768],[-12.623,7.439]],"c":true},"ix":2},"nm":"Path 1","mn":"ADBE Vector Shape - Group","hd":false},{"ty":"st","c":{"a":0,"k":[0.102000000898,0.102000000898,0.102000000898,1],"ix":3,"x":"var $bm_rt;\n$bm_rt = thisComp.layer('Color Control').effect('Color 5')('Color');"},"o":{"a":0,"k":100,"ix":4},"w":{"a":0,"k":2,"ix":5},"lc":2,"lj":2,"bm":0,"nm":"Stroke 1","mn":"ADBE Vector Graphic - Stroke","hd":false},{"ty":"fl","c":{"a":0,"k":[1,1,1,1],"ix":4,"x":"var $bm_rt;\n$bm_rt = thisComp.layer('Color Control').effect('Color 3')('Color');"},"o":{"a":0,"k":100,"ix":5},"r":1,"bm":0,"nm":"Fill 1","mn":"ADBE Vector Graphic - Fill","hd":false},{"ty":"tr","p":{"a":0,"k":[699.662,665.302],"ix":2},"a":{"a":0,"k":[0,0],"ix":1},"s":{"a":0,"k":[100,100],"ix":3},"r":{"a":0,"k":0,"ix":6},"o":{"a":0,"k":100,"ix":7},"sk":{"a":0,"k":0,"ix":4},"sa":{"a":0,"k":0,"ix":5},"nm":"Transform"}],"nm":"Group 5","np":3,"cix":2,"bm":0,"ix":5,"mn":"ADBE Vector Group","hd":false},{"ty":"gr","it":[{"ind":0,"ty":"sh","ix":1,"ks":{"a":0,"k":{"i":[[0,0],[0,0],[0,0],[0,0]],"o":[[0,0],[0,0],[0,0],[0,0]],"v":[[-74.611,19.103],[-46.885,-19.103],[74.611,-19.103],[67.849,19.103]],"c":true},"ix":2},"nm":"Path 1","mn":"ADBE Vector Shape - Group","hd":false},{"ty":"st","c":{"a":0,"k":[0.102000000898,0.102000000898,0.102000000898,1],"ix":3,"x":"var $bm_rt;\n$bm_rt = thisComp.layer('Color Control').effect('Color 5')('Color');"},"o":{"a":0,"k":100,"ix":4},"w":{"a":0,"k":1,"ix":5},"lc":2,"lj":2,"bm":0,"nm":"Stroke 1","mn":"ADBE Vector Graphic - Stroke","hd":false},{"ty":"fl","c":{"a":0,"k":[0.109999997008,0.011999999776,0.067000003889,1],"ix":4,"x":"var $bm_rt;\n$bm_rt = thisComp.layer('Color Control').effect('Color 1')('Color');"},"o":{"a":0,"k":100,"ix":5},"r":1,"bm":0,"nm":"Fill 1","mn":"ADBE Vector Graphic - Fill","hd":false},{"ty":"tr","p":{"a":0,"k":[619.19,653.637],"ix":2},"a":{"a":0,"k":[0,0],"ix":1},"s":{"a":0,"k":[100,100],"ix":3},"r":{"a":0,"k":0,"ix":6},"o":{"a":0,"k":100,"ix":7},"sk":{"a":0,"k":0,"ix":4},"sa":{"a":0,"k":0,"ix":5},"nm":"Transform"}],"nm":"Group 6","np":3,"cix":2,"bm":0,"ix":6,"mn":"ADBE Vector Group","hd":false},{"ty":"gr","it":[{"ind":0,"ty":"sh","ix":1,"ks":{"a":0,"k":{"i":[[0,0],[0,0],[0,0],[0,0]],"o":[[0,0],[0,0],[0,0],[0,0]],"v":[[-71.23,-16.68],[-45.082,16.68],[53.197,16.68],[71.23,-16.68]],"c":false},"ix":2},"nm":"Path 1","mn":"ADBE Vector Shape - Group","hd":false},{"ty":"st","c":{"a":0,"k":[0.102000000898,0.102000000898,0.102000000898,1],"ix":3,"x":"var $bm_rt;\n$bm_rt = thisComp.layer('Color Control').effect('Color 5')('Color');"},"o":{"a":0,"k":100,"ix":4},"w":{"a":0,"k":2,"ix":5},"lc":2,"lj":2,"bm":0,"nm":"Stroke 1","mn":"ADBE Vector Graphic - Stroke","hd":false},{"ty":"fl","c":{"a":0,"k":[1,1,1,1],"ix":4,"x":"var $bm_rt;\n$bm_rt = thisComp.layer('Color Control').effect('Color 3')('Color');"},"o":{"a":0,"k":100,"ix":5},"r":1,"bm":0,"nm":"Fill 1","mn":"ADBE Vector Graphic - Fill","hd":false},{"ty":"tr","p":{"a":0,"k":[615.809,689.42],"ix":2},"a":{"a":0,"k":[0,0],"ix":1},"s":{"a":0,"k":[100,100],"ix":3},"r":{"a":0,"k":0,"ix":6},"o":{"a":0,"k":100,"ix":7},"sk":{"a":0,"k":0,"ix":4},"sa":{"a":0,"k":0,"ix":5},"nm":"Transform"}],"nm":"Group 7","np":3,"cix":2,"bm":0,"ix":7,"mn":"ADBE Vector Group","hd":false},{"ty":"gr","it":[{"ind":0,"ty":"sh","ix":1,"ks":{"a":0,"k":{"i":[[0,0],[0,0],[0,0],[0,0]],"o":[[0,0],[0,0],[0,0],[0,0]],"v":[[71.23,54.998],[-71.23,54.998],[-71.23,-54.999],[71.23,-54.999]],"c":true},"ix":2},"nm":"Path 1","mn":"ADBE Vector Shape - Group","hd":false},{"ty":"st","c":{"a":0,"k":[0.102000000898,0.102000000898,0.102000000898,1],"ix":3,"x":"var $bm_rt;\n$bm_rt = thisComp.layer('Color Control').effect('Color 5')('Color');"},"o":{"a":0,"k":100,"ix":4},"w":{"a":0,"k":2,"ix":5},"lc":2,"lj":2,"bm":0,"nm":"Stroke 1","mn":"ADBE Vector Graphic - Stroke","hd":false},{"ty":"fl","c":{"a":0,"k":[1,1,1,1],"ix":4,"x":"var $bm_rt;\n$bm_rt = thisComp.layer('Color Control').effect('Color 3')('Color');"},"o":{"a":0,"k":100,"ix":5},"r":1,"bm":0,"nm":"Fill 1","mn":"ADBE Vector Graphic - Fill","hd":false},{"ty":"tr","p":{"a":0,"k":[615.809,727.739],"ix":2},"a":{"a":0,"k":[0,0],"ix":1},"s":{"a":0,"k":[100,100],"ix":3},"r":{"a":0,"k":0,"ix":6},"o":{"a":0,"k":100,"ix":7},"sk":{"a":0,"k":0,"ix":4},"sa":{"a":0,"k":0,"ix":5},"nm":"Transform"}],"nm":"Group 8","np":3,"cix":2,"bm":0,"ix":8,"mn":"ADBE Vector Group","hd":false},{"ty":"gr","it":[{"ind":0,"ty":"sh","ix":1,"ks":{"a":0,"k":{"i":[[0,0],[0,0],[0,0],[0,0]],"o":[[0,0],[0,0],[0,0],[0,0]],"v":[[-5.457,74.102],[7.166,42.555],[1.305,-74.102],[-7.165,-32.737]],"c":true},"ix":2},"nm":"Path 1","mn":"ADBE Vector Shape - Group","hd":false},{"ty":"st","c":{"a":0,"k":[0.102000000898,0.102000000898,0.102000000898,1],"ix":3,"x":"var $bm_rt;\n$bm_rt = thisComp.layer('Color Control').effect('Color 5')('Color');"},"o":{"a":0,"k":100,"ix":4},"w":{"a":0,"k":1,"ix":5},"lc":2,"lj":2,"bm":0,"nm":"Stroke 1","mn":"ADBE Vector Graphic - Stroke","hd":false},{"ty":"fl","c":{"a":0,"k":[0.109999997008,0.011999999776,0.067000003889,1],"ix":4,"x":"var $bm_rt;\n$bm_rt = thisComp.layer('Color Control').effect('Color 1')('Color');"},"o":{"a":0,"k":100,"ix":5},"r":1,"bm":0,"nm":"Fill 1","mn":"ADBE Vector Graphic - Fill","hd":false},{"ty":"tr","p":{"a":0,"k":[692.497,708.636],"ix":2},"a":{"a":0,"k":[0,0],"ix":1},"s":{"a":0,"k":[100,100],"ix":3},"r":{"a":0,"k":0,"ix":6},"o":{"a":0,"k":100,"ix":7},"sk":{"a":0,"k":0,"ix":4},"sa":{"a":0,"k":0,"ix":5},"nm":"Transform"}],"nm":"Group 9","np":3,"cix":2,"bm":0,"ix":9,"mn":"ADBE Vector Group","hd":false},{"ty":"gr","it":[{"ind":0,"ty":"sh","ix":1,"ks":{"a":0,"k":{"i":[[0,0],[-5.447,-70.813],[0,0],[-168.634,17.703],[0,0],[-62.646,19.065],[185.664,9.532]],"o":[[0,0],[5.447,70.815],[0,0],[168.635,-17.703],[0,0],[62.645,-19.066],[-185.664,-9.533]],"v":[[-16.342,-117.115],[-507.973,-46.302],[9.299,-4.086],[222.218,103.497],[330.931,8.171],[450.775,-19.065],[312.316,-111.668]],"c":true},"ix":2},"nm":"Path 1","mn":"ADBE Vector Shape - Group","hd":false},{"ty":"st","c":{"a":0,"k":[0.102000000898,0.102000000898,0.102000000898,1],"ix":3,"x":"var $bm_rt;\n$bm_rt = thisComp.layer('Color Control').effect('Color 5')('Color');"},"o":{"a":0,"k":100,"ix":4},"w":{"a":0,"k":2,"ix":5},"lc":2,"lj":2,"bm":0,"nm":"Stroke 1","mn":"ADBE Vector Graphic - Stroke","hd":false},{"ty":"fl","c":{"a":0,"k":[1,1,1,1],"ix":4,"x":"var $bm_rt;\n$bm_rt = thisComp.layer('Color Control').effect('Color 3')('Color');"},"o":{"a":0,"k":100,"ix":5},"r":1,"bm":0,"nm":"Fill 1","mn":"ADBE Vector Graphic - Fill","hd":false},{"ty":"tr","p":{"a":0,"k":[948.384,812.245],"ix":2},"a":{"a":0,"k":[0,0],"ix":1},"s":{"a":0,"k":[100,100],"ix":3},"r":{"a":0,"k":0,"ix":6},"o":{"a":0,"k":100,"ix":7},"sk":{"a":0,"k":0,"ix":4},"sa":{"a":0,"k":0,"ix":5},"nm":"Transform"}],"nm":"Group 10","np":3,"cix":2,"bm":0,"ix":10,"mn":"ADBE Vector Group","hd":false},{"ty":"gr","it":[{"ind":0,"ty":"sh","ix":1,"ks":{"a":0,"k":{"i":[[146.218,-3.621],[-55.387,41.14],[-65.245,-53.985],[-47.507,-6.687],[10.749,-70.406]],"o":[[0.583,-11.075],[57.145,-42.444],[2.523,-3.08],[48.476,6.824],[-146.218,3.621]],"v":[[-224.701,81.826],[-164.01,-39.382],[46.005,-23.217],[133.638,-64.185],[213.953,70.964]],"c":true},"ix":2},"nm":"Path 1","mn":"ADBE Vector Shape - Group","hd":false},{"ty":"st","c":{"a":0,"k":[0.102000000898,0.102000000898,0.102000000898,1],"ix":3,"x":"var $bm_rt;\n$bm_rt = thisComp.layer('Color Control').effect('Color 5')('Color');"},"o":{"a":0,"k":100,"ix":4},"w":{"a":0,"k":2,"ix":5},"lc":2,"lj":2,"bm":0,"nm":"Stroke 1","mn":"ADBE Vector Graphic - Stroke","hd":false},{"ty":"fl","c":{"a":0,"k":[1,1,1,1],"ix":4,"x":"var $bm_rt;\n$bm_rt = thisComp.layer('Color Control').effect('Color 3')('Color');"},"o":{"a":0,"k":100,"ix":5},"r":1,"bm":0,"nm":"Fill 1","mn":"ADBE Vector Graphic - Fill","hd":false},{"ty":"tr","p":{"a":0,"k":[809.205,639.006],"ix":2},"a":{"a":0,"k":[0,0],"ix":1},"s":{"a":0,"k":[100,100],"ix":3},"r":{"a":0,"k":0,"ix":6},"o":{"a":0,"k":100,"ix":7},"sk":{"a":0,"k":0,"ix":4},"sa":{"a":0,"k":0,"ix":5},"nm":"Transform"}],"nm":"Group 11","np":3,"cix":2,"bm":0,"ix":11,"mn":"ADBE Vector Group","hd":false},{"ty":"gr","it":[{"ind":0,"ty":"sh","ix":1,"ks":{"a":0,"k":{"i":[[0,0],[-81.527,-85.131],[2.724,0],[0,0]],"o":[[0,0],[-123.659,0],[-2.723,0],[0,0]],"v":[[-169.19,-40.835],[198.469,32.229],[-104.956,52.902],[-198.47,-5.201]],"c":true},"ix":2},"nm":"Path 1","mn":"ADBE Vector Shape - Group","hd":false},{"ty":"st","c":{"a":0,"k":[0.102000000898,0.102000000898,0.102000000898,1],"ix":3,"x":"var $bm_rt;\n$bm_rt = thisComp.layer('Color Control').effect('Color 5')('Color');"},"o":{"a":0,"k":100,"ix":4},"w":{"a":0,"k":1,"ix":5},"lc":2,"lj":2,"bm":0,"nm":"Stroke 1","mn":"ADBE Vector Graphic - Stroke","hd":false},{"ty":"fl","c":{"a":0,"k":[0.109999997008,0.011999999776,0.067000003889,1],"ix":4,"x":"var $bm_rt;\n$bm_rt = thisComp.layer('Color Control').effect('Color 1')('Color');"},"o":{"a":0,"k":100,"ix":5},"r":1,"bm":0,"nm":"Fill 1","mn":"ADBE Vector Graphic - Fill","hd":false},{"ty":"tr","p":{"a":0,"k":[1156.321,680.358],"ix":2},"a":{"a":0,"k":[0,0],"ix":1},"s":{"a":0,"k":[100,100],"ix":3},"r":{"a":0,"k":0,"ix":6},"o":{"a":0,"k":100,"ix":7},"sk":{"a":0,"k":0,"ix":4},"sa":{"a":0,"k":0,"ix":5},"nm":"Transform"}],"nm":"Group 12","np":3,"cix":2,"bm":0,"ix":12,"mn":"ADBE Vector Group","hd":false}],"ip":0,"op":150,"st":0,"bm":0},{"ddd":0,"ind":4,"ty":4,"nm":"Tree","sr":1,"ks":{"o":{"a":0,"k":100,"ix":11},"r":{"a":1,"k":[{"i":{"x":[0.667],"y":[1]},"o":{"x":[0.333],"y":[0]},"t":0,"s":[2]},{"i":{"x":[0.667],"y":[1]},"o":{"x":[0.333],"y":[0]},"t":37.25,"s":[-4]},{"i":{"x":[0.667],"y":[1]},"o":{"x":[0.333],"y":[0]},"t":74.5,"s":[2]},{"i":{"x":[0.667],"y":[1]},"o":{"x":[0.333],"y":[0]},"t":111.75,"s":[-4]},{"t":149,"s":[2]}],"ix":10},"p":{"a":0,"k":[932.355,800.342,0],"ix":2},"a":{"a":0,"k":[1292.355,740.342,0],"ix":1},"s":{"a":0,"k":[100,100,100],"ix":6}},"ao":0,"shapes":[{"ty":"gr","it":[{"ind":0,"ty":"sh","ix":1,"ks":{"a":0,"k":{"i":[[0,0],[0.726,-8.899],[0,0]],"o":[[0,0],[-7.431,91.159],[0,0]],"v":[[51.828,-125.591],[56.613,-58.708],[-57.339,125.59]],"c":false},"ix":2},"nm":"Path 1","mn":"ADBE Vector Shape - Group","hd":false},{"ty":"st","c":{"a":0,"k":[0.102000000898,0.102000000898,0.102000000898,1],"ix":3,"x":"var $bm_rt;\n$bm_rt = thisComp.layer('Color Control').effect('Color 5')('Color');"},"o":{"a":0,"k":100,"ix":4},"w":{"a":0,"k":2,"ix":5},"lc":2,"lj":2,"bm":0,"nm":"Stroke 1","mn":"ADBE Vector Graphic - Stroke","hd":false},{"ty":"tr","p":{"a":0,"k":[1349.694,614.751],"ix":2},"a":{"a":0,"k":[0,0],"ix":1},"s":{"a":0,"k":[100,100],"ix":3},"r":{"a":0,"k":0,"ix":6},"o":{"a":0,"k":100,"ix":7},"sk":{"a":0,"k":0,"ix":4},"sa":{"a":0,"k":0,"ix":5},"nm":"Transform"}],"nm":"Group 1","np":2,"cix":2,"bm":0,"ix":1,"mn":"ADBE Vector Group","hd":false},{"ty":"gr","it":[{"ind":0,"ty":"sh","ix":1,"ks":{"a":0,"k":{"i":[[0,0],[11.393,-12.816]],"o":[[-1.486,-0.496],[0,0]],"v":[[71.331,1.858],[-71.331,6.408]],"c":false},"ix":2},"nm":"Path 1","mn":"ADBE Vector Shape - Group","hd":false},{"ty":"st","c":{"a":0,"k":[0.102000000898,0.102000000898,0.102000000898,1],"ix":3,"x":"var $bm_rt;\n$bm_rt = thisComp.layer('Color Control').effect('Color 5')('Color');"},"o":{"a":0,"k":100,"ix":4},"w":{"a":0,"k":2,"ix":5},"lc":2,"lj":2,"bm":0,"nm":"Stroke 1","mn":"ADBE Vector Graphic - Stroke","hd":false},{"ty":"tr","p":{"a":0,"k":[1408.303,687.951],"ix":2},"a":{"a":0,"k":[0,0],"ix":1},"s":{"a":0,"k":[100,100],"ix":3},"r":{"a":0,"k":0,"ix":6},"o":{"a":0,"k":100,"ix":7},"sk":{"a":0,"k":0,"ix":4},"sa":{"a":0,"k":0,"ix":5},"nm":"Transform"}],"nm":"Group 2","np":2,"cix":2,"bm":0,"ix":2,"mn":"ADBE Vector Group","hd":false},{"ty":"gr","it":[{"ind":0,"ty":"sh","ix":1,"ks":{"a":0,"k":{"i":[[0,0],[7.431,-38.602]],"o":[[0,0],[0,0]],"v":[[-11.389,-90.805],[3.958,90.805]],"c":false},"ix":2},"nm":"Path 1","mn":"ADBE Vector Shape - Group","hd":false},{"ty":"st","c":{"a":0,"k":[0.102000000898,0.102000000898,0.102000000898,1],"ix":3,"x":"var $bm_rt;\n$bm_rt = thisComp.layer('Color Control').effect('Color 5')('Color');"},"o":{"a":0,"k":100,"ix":4},"w":{"a":0,"k":2,"ix":5},"lc":2,"lj":2,"bm":0,"nm":"Stroke 1","mn":"ADBE Vector Graphic - Stroke","hd":false},{"ty":"tr","p":{"a":0,"k":[1330.108,606.631],"ix":2},"a":{"a":0,"k":[0,0],"ix":1},"s":{"a":0,"k":[100,100],"ix":3},"r":{"a":0,"k":0,"ix":6},"o":{"a":0,"k":100,"ix":7},"sk":{"a":0,"k":0,"ix":4},"sa":{"a":0,"k":0,"ix":5},"nm":"Transform"}],"nm":"Group 3","np":2,"cix":2,"bm":0,"ix":3,"mn":"ADBE Vector Group","hd":false},{"ty":"gr","it":[{"ind":0,"ty":"sh","ix":1,"ks":{"a":0,"k":{"i":[[29.076,-16.322],[-62.499,74.246]],"o":[[0,0],[46.315,71.606]],"v":[[23.263,75.908],[8.092,-75.909]],"c":true},"ix":2},"nm":"Path 1","mn":"ADBE Vector Shape - Group","hd":false},{"ty":"st","c":{"a":0,"k":[0,0,0,1],"ix":3,"x":"var $bm_rt;\n$bm_rt = thisComp.layer('Color Control').effect('Color 4')('Color');"},"o":{"a":0,"k":100,"ix":4},"w":{"a":0,"k":2,"ix":5},"lc":2,"lj":2,"bm":0,"nm":"Stroke 1","mn":"ADBE Vector Graphic - Stroke","hd":false},{"ty":"fl","c":{"a":0,"k":[1,0.505999995213,0.172999991623,1],"ix":4,"x":"var $bm_rt;\n$bm_rt = thisComp.layer('Color Control').effect('Color 2')('Color');"},"o":{"a":0,"k":100,"ix":5},"r":1,"bm":0,"nm":"Fill 1","mn":"ADBE Vector Graphic - Fill","hd":false},{"ty":"tr","p":{"a":0,"k":[1310.627,591.735],"ix":2},"a":{"a":0,"k":[0,0],"ix":1},"s":{"a":0,"k":[100,100],"ix":3},"r":{"a":0,"k":0,"ix":6},"o":{"a":0,"k":100,"ix":7},"sk":{"a":0,"k":0,"ix":4},"sa":{"a":0,"k":0,"ix":5},"nm":"Transform"}],"nm":"Group 4","np":3,"cix":2,"bm":0,"ix":4,"mn":"ADBE Vector Group","hd":false},{"ty":"gr","it":[{"ind":0,"ty":"sh","ix":1,"ks":{"a":0,"k":{"i":[[-13.573,-36],[-12.881,59.968],[0,0]],"o":[[0,0],[12.882,-59.968],[0,0]],"v":[[-31.194,80.794],[31.885,21.303],[0.346,-81.271]],"c":true},"ix":2},"nm":"Path 1","mn":"ADBE Vector Shape - Group","hd":false},{"ty":"st","c":{"a":0,"k":[0.102000000898,0.102000000898,0.102000000898,1],"ix":3,"x":"var $bm_rt;\n$bm_rt = thisComp.layer('Color Control').effect('Color 5')('Color');"},"o":{"a":0,"k":100,"ix":4},"w":{"a":0,"k":2,"ix":5},"lc":2,"lj":2,"bm":0,"nm":"Stroke 1","mn":"ADBE Vector Graphic - Stroke","hd":false},{"ty":"fl","c":{"a":0,"k":[1,1,1,1],"ix":4,"x":"var $bm_rt;\n$bm_rt = thisComp.layer('Color Control').effect('Color 3')('Color');"},"o":{"a":0,"k":100,"ix":5},"r":1,"bm":0,"nm":"Fill 1","mn":"ADBE Vector Graphic - Fill","hd":false},{"ty":"tr","p":{"a":0,"k":[1401.176,570.432],"ix":2},"a":{"a":0,"k":[0,0],"ix":1},"s":{"a":0,"k":[100,100],"ix":3},"r":{"a":0,"k":0,"ix":6},"o":{"a":0,"k":100,"ix":7},"sk":{"a":0,"k":0,"ix":4},"sa":{"a":0,"k":0,"ix":5},"nm":"Transform"}],"nm":"Group 5","np":3,"cix":2,"bm":0,"ix":5,"mn":"ADBE Vector Group","hd":false},{"ty":"gr","it":[{"ind":0,"ty":"sh","ix":1,"ks":{"a":0,"k":{"i":[[-14.863,17.926],[70.849,-66.576]],"o":[[0,0],[30.223,35.978]],"v":[[63.382,15.786],[-63.381,15.299]],"c":true},"ix":2},"nm":"Path 1","mn":"ADBE Vector Shape - Group","hd":false},{"ty":"st","c":{"a":0,"k":[0,0,0,1],"ix":3,"x":"var $bm_rt;\n$bm_rt = thisComp.layer('Color Control').effect('Color 4')('Color');"},"o":{"a":0,"k":100,"ix":4},"w":{"a":0,"k":2,"ix":5},"lc":2,"lj":2,"bm":0,"nm":"Stroke 1","mn":"ADBE Vector Graphic - Stroke","hd":false},{"ty":"fl","c":{"a":0,"k":[1,0.505999995213,0.172999991623,1],"ix":4,"x":"var $bm_rt;\n$bm_rt = thisComp.layer('Color Control').effect('Color 2')('Color');"},"o":{"a":0,"k":100,"ix":5},"r":1,"bm":0,"nm":"Fill 1","mn":"ADBE Vector Graphic - Fill","hd":false},{"ty":"tr","p":{"a":0,"k":[1416.252,674.023],"ix":2},"a":{"a":0,"k":[0,0],"ix":1},"s":{"a":0,"k":[100,100],"ix":3},"r":{"a":0,"k":0,"ix":6},"o":{"a":0,"k":100,"ix":7},"sk":{"a":0,"k":0,"ix":4},"sa":{"a":0,"k":0,"ix":5},"nm":"Transform"}],"nm":"Group 6","np":3,"cix":2,"bm":0,"ix":6,"mn":"ADBE Vector Group","hd":false}],"ip":0,"op":150,"st":0,"bm":0}]}],"layers":[{"ddd":0,"ind":1,"ty":0,"nm":"Human Scene - 06","refId":"comp_0","sr":1,"ks":{"o":{"a":0,"k":100,"ix":11},"r":{"a":0,"k":0,"ix":10},"p":{"a":0,"k":[600,720,0],"ix":2},"a":{"a":0,"k":[600,600,0],"ix":1},"s":{"a":0,"k":[90,90,100],"ix":6}},"ao":0,"w":1200,"h":1200,"ip":0,"op":150,"st":0,"bm":0},{"ddd":0,"ind":2,"ty":0,"nm":"Background - 06","refId":"comp_1","sr":1,"ks":{"o":{"a":0,"k":100,"ix":11},"r":{"a":0,"k":0,"ix":10},"p":{"a":0,"k":[600,720,0],"ix":2},"a":{"a":0,"k":[600,600,0],"ix":1},"s":{"a":0,"k":[90,90,100],"ix":6}},"ao":0,"w":1200,"h":1200,"ip":0,"op":150,"st":0,"bm":0}],"markers":[]}